year,tournament_id,team_name,confederation_code,is_host,matches,wins,losses,draws,goals_for,goals_against,goal_difference,win_rate,goals_for_per_match,goals_against_per_match,historical_tournaments_before,historical_matches_before,historical_wins_before,pre_wc_matches,pre_wc_points_per_match,pre_wc_win_rate,pre_wc_goal_diff_per_match,performance,stage_reached,stage_score,champion,finalist,semifinalist,reached_knockout
1930,WC-1930,Argentina,CONMEBOL,0,5,4,1,0,18,9,9,0.8,3.6,1.8,0,0,0,6,1.8333333333333333,0.5,1.1666666666666667,final,Final,5,0,1,1,1
1930,WC-1930,Belgium,UEFA,0,2,0,2,0,0,4,-4,0.0,0.0,2.0,0,0,0,6,1.6666666666666667,0.5,0.8333333333333334,group stage,Group stage,1,0,0,0,0
1930,WC-1930,Bolivia,CONMEBOL,0,2,0,2,0,0,8,-8,0.0,0.0,4.0,0,0,0,0,,,,group stage,Group stage,1,0,0,0,0
1930,WC-1930,Brazil,CONMEBOL,0,2,1,1,0,5,2,3,0.5,2.5,1.0,0,0,0,0,,,,group stage,Group stage,1,0,0,0,0
1930,WC-1930,Chile,CONMEBOL,0,3,2,1,0,5,3,2,0.6666666666666666,1.6666666666666667,1.0,0,0,0,0,,,,group stage,Group stage,1,0,0,0,0
1930,WC-1930,France,UEFA,0,3,1,2,0,4,3,1,0.3333333333333333,1.3333333333333333,1.0,0,0,0,6,0.6666666666666666,0.16666666666666666,-1.5,group stage,Group stage,1,0,0,0,0
1930,WC-1930,Mexico,CONCACAF,0,3,0,3,0,4,13,-9,0.0,1.3333333333333333,4.333333333333333,0,0,0,0,,,,group stage,Group stage,1,0,0,0,0
1930,WC-1930,Paraguay,CONMEBOL,0,2,1,1,0,1,3,-2,0.5,0.5,1.5,0,0,0,3,2.0,0.6666666666666666,1.6666666666666667,group stage,Group stage,1,0,0,0,0
1930,WC-1930,Peru,CONMEBOL,0,2,0,2,0,1,4,-3,0.0,0.5,2.0,0,0,0,3,0.0,0.0,-3.6666666666666665,group stage,Group stage,1,0,0,0,0
1930,WC-1930,Romania,UEFA,0,2,1,1,0,3,5,-2,0.5,1.5,2.5,0,0,0,4,2.25,0.75,2.0,group stage,Group stage,1,0,0,0,0
1930,WC-1930,United States,CONCACAF,0,3,2,1,0,7,6,1,0.6666666666666666,2.3333333333333335,2.0,0,0,0,0,,,,semi-finals,Semi-finals/top four,4,0,0,1,1
1930,WC-1930,Uruguay,CONMEBOL,1,4,4,0,0,15,3,12,1.0,3.75,0.75,0,0,0,6,1.3333333333333333,0.3333333333333333,-0.16666666666666666,final,Champion,6,1,1,1,1
1930,WC-1930,Yugoslavia,UEFA,0,3,2,1,0,7,7,0,0.6666666666666666,2.3333333333333335,2.3333333333333335,0,0,0,6,1.1666666666666667,0.3333333333333333,0.5,semi-finals,Semi-finals/top four,4,0,0,1,1
1934,WC-1934,Argentina,CONMEBOL,0,1,0,1,0,2,3,-1,0.0,2.0,3.0,1,5,4,1,3.0,1.0,1.0,round of 16,Round of 16 / second group,2,0,0,0,1
1934,WC-1934,Austria,UEFA,0,4,2,2,0,7,7,0,0.5,1.75,1.75,0,0,0,9,2.3333333333333335,0.6666666666666666,1.6666666666666667,third-place match,Semi-finals/top four,4,0,0,1,1
1934,WC-1934,Belgium,UEFA,0,1,0,1,0,2,5,-3,0.0,2.0,5.0,1,2,0,8,0.625,0.125,-2.25,round of 16,Round of 16 / second group,2,0,0,0,1
1934,WC-1934,Brazil,CONMEBOL,0,1,0,1,0,1,3,-2,0.0,1.0,3.0,1,2,1,0,,,,round of 16,Round of 16 / second group,2,0,0,0,1
1934,WC-1934,Czechoslovakia,UEFA,0,4,3,1,0,9,6,3,0.75,2.25,1.5,0,0,0,7,2.0,0.5714285714285714,0.8571428571428571,final,Final,5,0,1,1,1
1934,WC-1934,Egypt,CAF,0,1,0,1,0,2,4,-2,0.0,2.0,4.0,0,0,0,2,3.0,1.0,4.5,round of 16,Round of 16 / second group,2,0,0,0,1
1934,WC-1934,France,UEFA,0,1,0,1,0,2,3,-1,0.0,2.0,3.0,1,3,1,7,1.2857142857142858,0.42857142857142855,-0.2857142857142857,round of 16,Round of 16 / second group,2,0,0,0,1
1934,WC-1934,Germany,UEFA,0,4,3,1,0,11,8,3,0.75,2.75,2.0,0,0,0,6,2.6666666666666665,0.8333333333333334,3.3333333333333335,third-place match,Semi-finals/top four,4,0,0,1,1
1934,WC-1934,Hungary,UEFA,0,2,1,1,0,5,4,1,0.5,2.5,2.0,0,0,0,10,1.4,0.4,0.1,quarter-finals,Quarter-finals,3,0,0,0,1
1934,WC-1934,Italy,UEFA,1,5,4,0,1,12,3,9,0.8,2.4,0.6,0,0,0,4,2.25,0.75,1.5,final,Champion,6,1,1,1,1
1934,WC-1934,Netherlands,UEFA,0,1,0,1,0,2,3,-1,0.0,2.0,3.0,0,0,0,5,1.8,0.6,1.8,round of 16,Round of 16 / second group,2,0,0,0,1
1934,WC-1934,Romania,UEFA,0,1,0,1,0,1,2,-1,0.0,1.0,2.0,1,2,1,4,2.5,0.75,3.25,round of 16,Round of 16 / second group,2,0,0,0,1
1934,WC-1934,Spain,UEFA,0,3,1,1,1,4,3,1,0.3333333333333333,1.3333333333333333,1.0,0,0,0,3,3.0,1.0,4.0,quarter-finals,Quarter-finals,3,0,0,0,1
1934,WC-1934,Sweden,UEFA,0,2,1,1,0,4,4,0,0.5,2.0,2.0,0,0,0,8,2.375,0.75,1.625,quarter-finals,Quarter-finals,3,0,0,0,1
1934,WC-1934,Switzerland,UEFA,0,2,1,1,0,5,5,0,0.5,2.5,2.5,0,0,0,7,0.7142857142857143,0.14285714285714285,-1.1428571428571428,quarter-finals,Quarter-finals,3,0,0,0,1
1934,WC-1934,United States,CONCACAF,0,1,0,1,0,1,7,-6,0.0,1.0,7.0,1,3,2,1,3.0,1.0,2.0,round of 16,Round of 16 / second group,2,0,0,0,1
1938,WC-1938,Belgium,UEFA,0,1,0,1,0,1,3,-2,0.0,1.0,3.0,2,3,0,9,1.0,0.2222222222222222,-1.0,round of 16,Round of 16 / second group,2,0,0,0,1
1938,WC-1938,Brazil,CONMEBOL,0,5,3,1,1,14,11,3,0.6,2.8,2.2,2,3,1,0,,,,third-place match,Semi-finals/top four,4,0,0,1,1
1938,WC-1938,Cuba,CONCACAF,0,3,1,1,1,5,12,-7,0.3333333333333333,1.6666666666666667,4.0,0,0,0,1,0.0,0.0,-4.0,quarter-finals,Quarter-finals,3,0,0,0,1
1938,WC-1938,Czechoslovakia,UEFA,0,3,1,1,1,5,3,2,0.3333333333333333,1.6666666666666667,1.0,1,4,3,11,1.5454545454545454,0.45454545454545453,-0.18181818181818182,quarter-finals,Quarter-finals,3,0,0,0,1
1938,WC-1938,France,UEFA,1,2,1,1,0,4,4,0,0.5,2.0,2.0,2,4,1,6,2.1666666666666665,0.6666666666666666,1.1666666666666667,quarter-finals,Quarter-finals,3,0,0,0,1
1938,WC-1938,Germany,UEFA,0,2,0,1,1,3,5,-2,0.0,1.5,2.5,1,4,3,10,2.1,0.6,1.3,round of 16,Round of 16 / second group,2,0,0,0,1
1938,WC-1938,Hungary,UEFA,0,4,3,1,0,15,5,10,0.75,3.75,1.25,1,2,1,7,2.2857142857142856,0.7142857142857143,2.857142857142857,final,Final,5,0,1,1,1
1938,WC-1938,Indonesia,AFC,0,1,0,1,0,0,6,-6,0.0,0.0,6.0,0,0,0,0,,,,round of 16,Round of 16 / second group,2,0,0,0,1
1938,WC-1938,Italy,UEFA,0,4,4,0,0,11,5,6,1.0,2.75,1.25,1,5,4,4,2.0,0.5,2.25,final,Champion,6,1,1,1,1
1938,WC-1938,Netherlands,UEFA,0,1,0,1,0,0,3,-3,0.0,0.0,3.0,1,1,0,5,1.4,0.4,1.2,round of 16,Round of 16 / second group,2,0,0,0,1
1938,WC-1938,Norway,UEFA,0,1,0,1,0,1,2,-1,0.0,1.0,2.0,0,0,0,8,1.625,0.5,-0.5,round of 16,Round of 16 / second group,2,0,0,0,1
1938,WC-1938,Poland,UEFA,0,1,0,1,0,5,6,-1,0.0,5.0,6.0,0,0,0,9,1.8888888888888888,0.5555555555555556,1.3333333333333333,round of 16,Round of 16 / second group,2,0,0,0,1
1938,WC-1938,Romania,UEFA,0,2,0,1,1,4,5,-1,0.0,2.0,2.5,2,3,1,5,1.4,0.4,0.2,round of 16,Round of 16 / second group,2,0,0,0,1
1938,WC-1938,Sweden,UEFA,0,3,1,2,0,11,9,2,0.3333333333333333,3.6666666666666665,3.0,1,2,1,7,1.0,0.2857142857142857,0.0,third-place match,Semi-finals/top four,4,0,0,1,1
1938,WC-1938,Switzerland,UEFA,0,3,1,1,1,5,5,0,0.3333333333333333,1.6666666666666667,1.6666666666666667,1,2,1,10,1.2,0.3,-0.1,quarter-finals,Quarter-finals,3,0,0,0,1
1950,WC-1950,Bolivia,CONMEBOL,0,1,0,1,0,0,8,-8,0.0,0.0,8.0,1,2,0,2,1.5,0.5,-1.5,group stage,Group stage,1,0,0,0,0
1950,WC-1950,Brazil,CONMEBOL,1,6,4,1,1,22,6,16,0.6666666666666666,3.6666666666666665,1.0,3,8,4,4,1.75,0.5,0.5,final round,Final,5,0,1,1,1
1950,WC-1950,Chile,CONMEBOL,0,3,1,2,0,5,6,-1,0.3333333333333333,1.6666666666666667,2.0,1,3,2,4,1.5,0.5,0.0,group stage,Group stage,1,0,0,0,0
1950,WC-1950,England,UEFA,0,3,1,2,0,2,2,0,0.3333333333333333,0.6666666666666666,0.6666666666666666,0,0,0,7,2.5714285714285716,0.8571428571428571,2.2857142857142856,group stage,Group stage,1,0,0,0,0
1950,WC-1950,Italy,UEFA,0,2,1,1,0,4,3,1,0.5,2.0,1.5,2,9,8,3,1.0,0.3333333333333333,-0.3333333333333333,group stage,Group stage,1,0,0,0,0
1950,WC-1950,Mexico,CONCACAF,0,3,0,3,0,2,10,-8,0.0,0.6666666666666666,3.3333333333333335,1,3,0,4,3.0,1.0,3.75,group stage,Group stage,1,0,0,0,0
1950,WC-1950,Paraguay,CONMEBOL,0,2,0,1,1,2,4,-2,0.0,1.0,2.0,1,2,1,5,1.0,0.2,-1.0,group stage,Group stage,1,0,0,0,0
1950,WC-1950,Spain,UEFA,0,6,3,2,1,10,12,-2,0.5,1.6666666666666667,2.0,1,3,1,2,2.0,0.5,2.0,final round,Semi-finals/top four,4,0,0,1,1
1950,WC-1950,Sweden,UEFA,0,5,2,2,1,11,15,-4,0.4,2.2,3.0,2,5,2,6,1.6666666666666667,0.5,1.0,final round,Semi-finals/top four,4,0,0,1,1
1950,WC-1950,Switzerland,UEFA,0,3,1,1,1,4,6,-2,0.3333333333333333,1.3333333333333333,2.0,2,5,2,6,1.1666666666666667,0.3333333333333333,-0.8333333333333334,group stage,Group stage,1,0,0,0,0
1950,WC-1950,United States,CONCACAF,0,3,1,2,0,4,8,-4,0.3333333333333333,1.3333333333333333,2.6666666666666665,2,4,2,4,1.0,0.25,-1.75,group stage,Group stage,1,0,0,0,0
1950,WC-1950,Uruguay,CONMEBOL,0,4,3,0,1,15,5,10,0.75,3.75,1.25,1,4,4,5,1.2,0.4,0.4,final round,Champion,6,1,1,1,1
1950,WC-1950,Yugoslavia,UEFA,0,3,2,1,0,7,3,4,0.6666666666666666,2.3333333333333335,1.0,1,3,2,8,2.125,0.625,1.875,group stage,Group stage,1,0,0,0,0
1954,WC-1954,Austria,UEFA,0,5,4,1,0,17,12,5,0.8,3.4,2.4,1,4,2,6,1.6666666666666667,0.5,2.1666666666666665,third-place match,Semi-finals/top four,4,0,0,1,1
1954,WC-1954,Belgium,UEFA,0,2,0,1,1,5,8,-3,0.0,2.5,4.0,3,4,0,8,1.625,0.375,0.875,group stage,Group stage,1,0,0,0,0
1954,WC-1954,Brazil,CONMEBOL,0,3,1,1,1,8,5,3,0.3333333333333333,2.6666666666666665,1.6666666666666667,4,14,8,4,3.0,1.0,1.75,quarter-finals,Quarter-finals,3,0,0,0,1
1954,WC-1954,Czechoslovakia,UEFA,0,2,0,2,0,0,7,-7,0.0,0.0,3.5,2,7,4,6,1.6666666666666667,0.5,0.0,group stage,Group stage,1,0,0,0,0
1954,WC-1954,England,UEFA,0,3,1,1,1,8,8,0,0.3333333333333333,2.6666666666666665,2.6666666666666665,1,3,1,6,1.5,0.5,-0.5,quarter-finals,Quarter-finals,3,0,0,0,1
1954,WC-1954,France,UEFA,0,2,1,1,0,3,3,0,0.5,1.5,1.5,3,6,2,8,1.625,0.5,1.25,group stage,Group stage,1,0,0,0,0
1954,WC-1954,Hungary,UEFA,0,5,4,1,0,27,10,17,0.8,5.4,2.0,2,6,4,9,2.5555555555555554,0.7777777777777778,2.2222222222222223,final,Final,5,0,1,1,1
1954,WC-1954,Italy,UEFA,0,3,1,2,0,6,7,-1,0.3333333333333333,2.0,2.3333333333333335,3,11,9,4,3.0,1.0,2.5,group stage,Group stage,1,0,0,0,0
1954,WC-1954,Mexico,CONCACAF,0,2,0,2,0,2,8,-6,0.0,1.0,4.0,2,6,0,4,3.0,1.0,4.5,group stage,Group stage,1,0,0,0,0
1954,WC-1954,Scotland,UEFA,0,2,0,2,0,0,8,-8,0.0,0.0,4.0,0,0,0,6,1.8333333333333333,0.5,0.3333333333333333,group stage,Group stage,1,0,0,0,0
1954,WC-1954,South Korea,AFC,0,2,0,2,0,0,16,-16,0.0,0.0,8.0,0,0,0,6,1.5,0.3333333333333333,1.1666666666666667,group stage,Group stage,1,0,0,0,0
1954,WC-1954,Switzerland,UEFA,1,4,2,2,0,11,11,0,0.5,2.75,2.75,3,8,3,7,1.1428571428571428,0.2857142857142857,-0.8571428571428571,quarter-finals,Quarter-finals,3,0,0,0,1
1954,WC-1954,Turkey,UEFA,0,3,1,2,0,10,11,-1,0.3333333333333333,3.3333333333333335,3.6666666666666665,0,0,0,3,1.3333333333333333,0.3333333333333333,-0.6666666666666666,group stage,Group stage,1,0,0,0,0
1954,WC-1954,Uruguay,CONMEBOL,0,5,3,2,0,16,9,7,0.6,3.2,1.8,2,8,7,4,1.25,0.25,0.75,third-place match,Semi-finals/top four,4,0,0,1,1
1954,WC-1954,West Germany,UEFA,0,6,5,1,0,25,14,11,0.8333333333333334,4.166666666666667,2.3333333333333335,0,0,0,0,,,,final,Champion,6,1,1,1,1
1954,WC-1954,Yugoslavia,UEFA,0,3,1,1,1,2,3,-1,0.3333333333333333,0.6666666666666666,1.0,2,6,4,6,2.5,0.8333333333333334,0.6666666666666666,quarter-finals,Quarter-finals,3,0,0,0,1
1958,WC-1958,Argentina,CONMEBOL,0,3,1,2,0,5,10,-5,0.3333333333333333,1.6666666666666667,3.3333333333333335,2,6,4,10,1.8,0.6,0.9,group stage,Group stage,1,0,0,0,0
1958,WC-1958,Austria,UEFA,0,3,0,2,1,2,7,-5,0.0,0.6666666666666666,2.3333333333333335,2,9,6,6,2.0,0.5,1.0,group stage,Group stage,1,0,0,0,0
1958,WC-1958,Brazil,CONMEBOL,0,6,5,0,1,16,4,12,0.8333333333333334,2.6666666666666665,0.6666666666666666,5,17,9,10,2.0,0.6,1.4,final,Champion,6,1,1,1,1
1958,WC-1958,Czechoslovakia,UEFA,0,4,1,2,1,9,6,3,0.25,2.25,1.5,3,9,4,5,2.6,0.8,1.4,group stage,Group stage,1,0,0,0,0
1958,WC-1958,England,UEFA,0,4,0,1,3,4,5,-1,0.0,1.0,1.25,2,6,2,7,1.8571428571428572,0.5714285714285714,1.0,group stage,Group stage,1,0,0,0,0
1958,WC-1958,France,UEFA,0,6,4,2,0,23,15,8,0.6666666666666666,3.8333333333333335,2.5,4,8,3,7,1.0,0.14285714285714285,-0.2857142857142857,third-place match,Semi-finals/top four,4,0,0,1,1
1958,WC-1958,Hungary,UEFA,0,4,1,2,1,7,5,2,0.25,1.75,1.25,3,11,8,10,1.7,0.5,1.0,group stage,Group stage,1,0,0,0,0
1958,WC-1958,Mexico,CONCACAF,0,3,0,2,1,1,8,-7,0.0,0.3333333333333333,2.6666666666666665,3,8,0,4,2.5,0.75,1.75,group stage,Group stage,1,0,0,0,0
1958,WC-1958,Northern Ireland,UEFA,0,5,2,2,1,6,10,-4,0.4,1.2,2.0,0,0,0,5,1.8,0.4,0.4,quarter-finals,Quarter-finals,3,0,0,0,1
1958,WC-1958,Paraguay,CONMEBOL,0,3,1,1,1,9,12,-3,0.3333333333333333,3.0,4.0,2,4,1,12,1.4166666666666667,0.4166666666666667,0.08333333333333333,group stage,Group stage,1,0,0,0,0
1958,WC-1958,Scotland,UEFA,0,3,0,2,1,4,6,-2,0.0,1.3333333333333333,2.0,1,2,0,6,1.5,0.3333333333333333,-0.3333333333333333,group stage,Group stage,1,0,0,0,0
1958,WC-1958,Soviet Union,UEFA,0,5,2,2,1,5,6,-1,0.4,1.0,1.2,0,0,0,0,,,,quarter-finals,Quarter-finals,3,0,0,0,1
1958,WC-1958,Sweden,UEFA,1,6,4,1,1,12,7,5,0.6666666666666666,2.0,1.1666666666666667,3,10,4,8,2.125,0.625,1.5,final,Final,5,0,1,1,1
1958,WC-1958,Wales,UEFA,0,5,1,1,3,4,4,0,0.2,0.8,0.8,0,0,0,6,1.8333333333333333,0.5,0.5,quarter-finals,Quarter-finals,3,0,0,0,1
1958,WC-1958,West Germany,UEFA,0,6,2,2,2,12,14,-2,0.3333333333333333,2.0,2.3333333333333335,1,6,5,0,,,,third-place match,Semi-finals/top four,4,0,0,1,1
1958,WC-1958,Yugoslavia,UEFA,0,4,1,1,2,7,7,0,0.25,1.75,1.75,3,9,5,6,1.8333333333333333,0.5,1.3333333333333333,quarter-finals,Quarter-finals,3,0,0,0,1
1962,WC-1962,Argentina,CONMEBOL,0,3,1,1,1,2,3,-1,0.3333333333333333,0.6666666666666666,1.0,3,9,5,9,1.3333333333333333,0.3333333333333333,0.1111111111111111,group stage,Group stage,1,0,0,0,0
1962,WC-1962,Brazil,CONMEBOL,0,6,5,0,1,14,5,9,0.8333333333333334,2.3333333333333335,0.8333333333333334,6,23,14,7,3.0,1.0,2.4285714285714284,final,Champion,6,1,1,1,1
1962,WC-1962,Bulgaria,UEFA,0,3,0,2,1,1,7,-6,0.0,0.3333333333333333,2.3333333333333335,0,0,0,6,2.0,0.6666666666666666,0.0,group stage,Group stage,1,0,0,0,0
1962,WC-1962,Chile,CONMEBOL,1,6,4,2,0,10,8,2,0.6666666666666666,1.6666666666666667,1.3333333333333333,2,6,3,4,1.0,0.25,0.5,third-place match,Semi-finals/top four,4,0,0,1,1
1962,WC-1962,Colombia,CONMEBOL,0,3,0,2,1,5,11,-6,0.0,1.6666666666666667,3.6666666666666665,0,0,0,3,0.3333333333333333,0.0,-0.6666666666666666,group stage,Group stage,1,0,0,0,0
1962,WC-1962,Czechoslovakia,UEFA,0,6,3,2,1,7,7,0,0.5,1.1666666666666667,1.1666666666666667,4,13,5,7,1.8571428571428572,0.5714285714285714,1.2857142857142858,final,Final,5,0,1,1,1
1962,WC-1962,England,UEFA,0,4,1,2,1,5,6,-1,0.25,1.25,1.5,3,10,2,8,2.125,0.625,1.375,quarter-finals,Quarter-finals,3,0,0,0,1
1962,WC-1962,Hungary,UEFA,0,4,2,1,1,8,3,5,0.5,2.0,0.75,4,15,9,9,1.1111111111111112,0.2222222222222222,-0.4444444444444444,quarter-finals,Quarter-finals,3,0,0,0,1
1962,WC-1962,Italy,UEFA,0,3,1,1,1,3,2,1,0.3333333333333333,1.0,0.6666666666666666,4,14,10,5,3.0,1.0,2.8,group stage,Group stage,1,0,0,0,0
1962,WC-1962,Mexico,CONCACAF,0,3,1,2,0,3,4,-1,0.3333333333333333,1.0,1.3333333333333333,4,11,0,7,2.0,0.5714285714285714,0.42857142857142855,group stage,Group stage,1,0,0,0,0
1962,WC-1962,Soviet Union,UEFA,0,4,2,1,1,9,7,2,0.5,2.25,1.75,1,5,2,0,,,,quarter-finals,Quarter-finals,3,0,0,0,1
1962,WC-1962,Spain,UEFA,0,3,1,2,0,2,3,-1,0.3333333333333333,0.6666666666666666,1.0,2,9,4,4,2.5,0.75,1.0,group stage,Group stage,1,0,0,0,0
1962,WC-1962,Switzerland,UEFA,0,3,0,3,0,2,8,-6,0.0,0.6666666666666666,2.6666666666666665,4,12,5,3,2.0,0.6666666666666666,0.0,group stage,Group stage,1,0,0,0,0
1962,WC-1962,Uruguay,CONMEBOL,0,3,1,2,0,4,6,-2,0.3333333333333333,1.3333333333333333,2.0,3,13,10,11,1.1818181818181819,0.2727272727272727,-0.7272727272727273,group stage,Group stage,1,0,0,0,0
1962,WC-1962,West Germany,UEFA,0,4,2,1,1,4,2,2,0.5,1.0,0.5,2,12,7,0,,,,quarter-finals,Quarter-finals,3,0,0,0,1
1962,WC-1962,Yugoslavia,UEFA,0,6,3,3,0,10,7,3,0.5,1.6666666666666667,1.1666666666666667,4,13,6,10,2.8,0.9,1.8,third-place match,Semi-finals/top four,4,0,0,1,1
1966,WC-1966,Argentina,CONMEBOL,0,4,2,1,1,4,2,2,0.5,1.0,0.5,4,12,6,9,1.7777777777777777,0.4444444444444444,0.5555555555555556,quarter-finals,Quarter-finals,3,0,0,0,1
1966,WC-1966,Brazil,CONMEBOL,0,3,1,2,0,4,6,-2,0.3333333333333333,1.3333333333333333,2.0,7,29,19,17,2.3529411764705883,0.7058823529411765,1.2352941176470589,group stage,Group stage,1,0,0,0,0
1966,WC-1966,Bulgaria,UEFA,0,3,0,3,0,1,8,-7,0.0,0.3333333333333333,2.6666666666666665,1,3,0,8,2.0,0.625,-0.25,group stage,Group stage,1,0,0,0,0
1966,WC-1966,Chile,CONMEBOL,0,3,0,2,1,2,5,-3,0.0,0.6666666666666666,1.6666666666666667,3,12,7,16,1.125,0.3125,-0.0625,group stage,Group stage,1,0,0,0,0
1966,WC-1966,England,UEFA,1,6,5,0,1,11,3,8,0.8333333333333334,1.8333333333333333,0.5,4,14,3,12,2.4166666666666665,0.75,1.4166666666666667,final,Champion,6,1,1,1,1
1966,WC-1966,France,UEFA,0,3,0,2,1,2,5,-3,0.0,0.6666666666666666,1.6666666666666667,5,14,7,6,1.8333333333333333,0.5,0.3333333333333333,group stage,Group stage,1,0,0,0,0
1966,WC-1966,Hungary,UEFA,0,4,2,2,0,8,7,1,0.5,2.0,1.75,5,19,11,6,1.6666666666666667,0.5,0.3333333333333333,quarter-finals,Quarter-finals,3,0,0,0,1
1966,WC-1966,Italy,UEFA,0,3,1,2,0,2,2,0,0.3333333333333333,0.6666666666666666,0.6666666666666666,5,17,11,8,2.375,0.75,2.625,group stage,Group stage,1,0,0,0,0
1966,WC-1966,Mexico,CONCACAF,0,3,0,1,2,1,3,-2,0.0,0.3333333333333333,1.0,5,14,1,6,1.6666666666666667,0.5,0.16666666666666666,group stage,Group stage,1,0,0,0,0
1966,WC-1966,North Korea,AFC,0,4,1,2,1,5,9,-4,0.25,1.25,2.25,0,0,0,7,3.0,1.0,3.0,quarter-finals,Quarter-finals,3,0,0,0,1
1966,WC-1966,Portugal,UEFA,0,6,5,1,0,17,8,9,0.8333333333333334,2.8333333333333335,1.3333333333333333,0,0,0,7,2.2857142857142856,0.7142857142857143,1.2857142857142858,third-place match,Semi-finals/top four,4,0,0,1,1
1966,WC-1966,Soviet Union,UEFA,0,6,4,2,0,10,6,4,0.6666666666666666,1.6666666666666667,1.0,2,9,4,0,,,,third-place match,Semi-finals/top four,4,0,0,1,1
1966,WC-1966,Spain,UEFA,0,3,1,2,0,4,5,-1,0.3333333333333333,1.3333333333333333,1.6666666666666667,3,12,5,4,1.75,0.5,0.5,group stage,Group stage,1,0,0,0,0
1966,WC-1966,Switzerland,UEFA,0,3,0,3,0,1,9,-8,0.0,0.3333333333333333,3.0,5,15,5,5,1.2,0.2,-0.2,group stage,Group stage,1,0,0,0,0
1966,WC-1966,Uruguay,CONMEBOL,0,4,1,1,2,2,5,-3,0.25,0.5,1.25,4,16,11,8,1.0,0.25,-0.75,quarter-finals,Quarter-finals,3,0,0,0,1
1966,WC-1966,West Germany,UEFA,0,6,4,1,1,15,6,9,0.6666666666666666,2.5,1.0,3,16,9,0,,,,final,Final,5,0,1,1,1
1970,WC-1970,Belgium,UEFA,0,3,1,2,0,4,5,-1,0.3333333333333333,1.3333333333333333,1.6666666666666667,4,6,0,3,0.0,0.0,-2.3333333333333335,group stage,Group stage,1,0,0,0,0
1970,WC-1970,Brazil,CONMEBOL,0,6,6,0,0,19,7,12,1.0,3.1666666666666665,1.1666666666666667,8,32,20,13,2.6153846153846154,0.8461538461538461,2.1538461538461537,final,Champion,6,1,1,1,1
1970,WC-1970,Bulgaria,UEFA,0,3,0,2,1,5,9,-4,0.0,1.6666666666666667,3.0,2,6,0,13,1.0769230769230769,0.23076923076923078,-0.3076923076923077,group stage,Group stage,1,0,0,0,0
1970,WC-1970,Czechoslovakia,UEFA,0,3,0,3,0,2,7,-5,0.0,0.6666666666666666,2.3333333333333335,5,19,8,8,2.375,0.75,1.5,group stage,Group stage,1,0,0,0,0
1970,WC-1970,El Salvador,CONCACAF,0,3,0,3,0,0,9,-9,0.0,0.0,3.0,0,0,0,10,1.5,0.5,-0.4,group stage,Group stage,1,0,0,0,0
1970,WC-1970,England,UEFA,0,4,2,2,0,4,4,0,0.5,1.0,1.0,5,20,8,13,2.1538461538461537,0.6153846153846154,1.2307692307692308,quarter-finals,Quarter-finals,3,0,0,0,1
1970,WC-1970,Israel,UEFA,0,3,0,1,2,1,3,-2,0.0,0.3333333333333333,1.0,0,0,0,7,1.8571428571428572,0.5714285714285714,1.1428571428571428,group stage,Group stage,1,0,0,0,0
1970,WC-1970,Italy,UEFA,0,6,3,1,2,10,8,2,0.5,1.6666666666666667,1.3333333333333333,6,20,12,4,2.5,0.75,1.75,final,Final,5,0,1,1,1
1970,WC-1970,Mexico,CONCACAF,1,4,2,1,1,6,4,2,0.5,1.5,1.0,6,17,1,21,1.4761904761904763,0.38095238095238093,0.3333333333333333,quarter-finals,Quarter-finals,3,0,0,0,1
1970,WC-1970,Morocco,CAF,0,3,0,2,1,2,6,-4,0.0,0.6666666666666666,2.0,0,0,0,8,1.375,0.375,0.375,group stage,Group stage,1,0,0,0,0
1970,WC-1970,Peru,CONMEBOL,0,4,2,2,0,9,9,0,0.5,2.25,2.25,1,2,0,21,1.5238095238095237,0.42857142857142855,0.09523809523809523,quarter-finals,Quarter-finals,3,0,0,0,1
1970,WC-1970,Romania,UEFA,0,3,1,2,0,4,5,-1,0.3333333333333333,1.3333333333333333,1.6666666666666667,3,5,1,7,1.1428571428571428,0.14285714285714285,-0.14285714285714285,group stage,Group stage,1,0,0,0,0
1970,WC-1970,Soviet Union,UEFA,0,4,2,1,1,6,2,4,0.5,1.5,0.5,3,15,8,0,,,,quarter-finals,Quarter-finals,3,0,0,0,1
1970,WC-1970,Sweden,UEFA,0,3,1,1,1,2,2,0,0.3333333333333333,0.6666666666666666,0.6666666666666666,4,16,8,11,2.5454545454545454,0.8181818181818182,1.0909090909090908,group stage,Group stage,1,0,0,0,0
1970,WC-1970,Uruguay,CONMEBOL,0,6,2,3,1,4,5,-1,0.3333333333333333,0.6666666666666666,0.8333333333333334,5,20,12,10,1.9,0.6,0.6,third-place match,Semi-finals/top four,4,0,0,1,1
1970,WC-1970,West Germany,UEFA,0,6,5,1,0,17,10,7,0.8333333333333334,2.8333333333333335,1.6666666666666667,4,22,13,0,,,,third-place match,Semi-finals/top four,4,0,0,1,1
1974,WC-1974,Argentina,CONMEBOL,0,6,1,3,2,9,12,-3,0.16666666666666666,1.5,2.0,5,16,8,11,2.090909090909091,0.6363636363636364,0.6363636363636364,second group stage,Round of 16 / second group,2,0,0,0,1
1974,WC-1974,Australia,AFC,0,3,0,2,1,0,5,-5,0.0,0.0,1.6666666666666667,0,0,0,7,1.5714285714285714,0.42857142857142855,0.2857142857142857,group stage,Group stage,1,0,0,0,0
1974,WC-1974,Brazil,CONMEBOL,0,7,3,2,2,6,4,2,0.42857142857142855,0.8571428571428571,0.5714285714285714,9,38,26,15,2.2666666666666666,0.6666666666666666,0.9333333333333333,third-place match,Semi-finals/top four,4,0,0,1,1
1974,WC-1974,Bulgaria,UEFA,0,3,0,1,2,2,5,-3,0.0,0.6666666666666666,1.6666666666666667,3,9,0,13,1.5384615384615385,0.46153846153846156,0.7692307692307693,group stage,Group stage,1,0,0,0,0
1974,WC-1974,Chile,CONMEBOL,0,3,0,1,2,1,2,-1,0.0,0.3333333333333333,0.6666666666666666,4,15,7,10,2.0,0.6,0.8,group stage,Group stage,1,0,0,0,0
1974,WC-1974,DR Congo,CAF,0,3,0,3,0,0,14,-14,0.0,0.0,4.666666666666667,0,0,0,12,2.3333333333333335,0.75,1.3333333333333333,group stage,Group stage,1,0,0,0,0
1974,WC-1974,East Germany,UEFA,0,6,2,2,2,5,5,0,0.3333333333333333,0.8333333333333334,0.8333333333333334,0,0,0,0,,,,second group stage,Round of 16 / second group,2,0,0,0,1
1974,WC-1974,Haiti,CONCACAF,0,3,0,3,0,2,14,-12,0.0,0.6666666666666666,4.666666666666667,0,0,0,16,1.625,0.5,0.1875,group stage,Group stage,1,0,0,0,0
1974,WC-1974,Italy,UEFA,0,3,1,1,1,5,4,1,0.3333333333333333,1.6666666666666667,1.3333333333333333,7,26,15,6,2.3333333333333335,0.6666666666666666,1.1666666666666667,group stage,Group stage,1,0,0,0,0
1974,WC-1974,Netherlands,UEFA,0,7,5,1,1,15,3,12,0.7142857142857143,2.142857142857143,0.42857142857142855,2,2,0,8,2.0,0.5,2.0,final,Final,5,0,1,1,1
1974,WC-1974,Poland,UEFA,0,7,6,1,0,16,5,11,0.8571428571428571,2.2857142857142856,0.7142857142857143,1,1,0,15,2.0,0.6,1.0,third-place match,Semi-finals/top four,4,0,0,1,1
1974,WC-1974,Scotland,UEFA,0,3,1,0,2,3,1,2,0.3333333333333333,1.0,0.3333333333333333,2,5,0,11,1.1818181818181819,0.36363636363636365,0.0,group stage,Group stage,1,0,0,0,0
1974,WC-1974,Sweden,UEFA,0,6,2,2,2,7,6,1,0.3333333333333333,1.1666666666666667,1.0,5,19,9,12,1.8333333333333333,0.5,0.25,second group stage,Round of 16 / second group,2,0,0,0,1
1974,WC-1974,Uruguay,CONMEBOL,0,3,0,2,1,1,6,-5,0.0,0.3333333333333333,2.0,6,26,14,11,2.090909090909091,0.6363636363636364,1.0,group stage,Group stage,1,0,0,0,0
1974,WC-1974,West Germany,UEFA,1,7,6,1,0,13,4,9,0.8571428571428571,1.8571428571428572,0.5714285714285714,5,28,18,0,,,,final,Champion,6,1,1,1,1
1974,WC-1974,Yugoslavia,UEFA,0,6,1,3,2,12,7,5,0.16666666666666666,2.0,1.1666666666666667,5,19,9,7,1.2857142857142858,0.2857142857142857,0.14285714285714285,second group stage,Round of 16 / second group,2,0,0,0,1
1978,WC-1978,Argentina,CONMEBOL,1,7,5,1,1,15,4,11,0.7142857142857143,2.142857142857143,0.5714285714285714,6,22,9,14,1.9285714285714286,0.5714285714285714,0.5714285714285714,final,Champion,6,1,1,1,1
1978,WC-1978,Austria,UEFA,0,6,3,3,0,7,10,-3,0.5,1.1666666666666667,1.6666666666666667,3,12,6,9,1.4444444444444444,0.3333333333333333,0.1111111111111111,second group stage,Round of 16 / second group,2,0,0,0,1
1978,WC-1978,Brazil,CONMEBOL,0,7,4,0,3,10,3,7,0.5714285714285714,1.4285714285714286,0.42857142857142855,10,45,29,13,2.0,0.5384615384615384,1.3846153846153846,third-place match,Semi-finals/top four,4,0,0,1,1
1978,WC-1978,France,UEFA,0,3,1,2,0,5,5,0,0.3333333333333333,1.6666666666666667,1.6666666666666667,6,17,7,9,2.111111111111111,0.5555555555555556,0.8888888888888888,group stage,Group stage,1,0,0,0,0
1978,WC-1978,Hungary,UEFA,0,3,0,3,0,3,8,-5,0.0,1.0,2.6666666666666665,6,23,13,7,2.2857142857142856,0.7142857142857143,1.2857142857142858,group stage,Group stage,1,0,0,0,0
1978,WC-1978,Iran,AFC,0,3,0,2,1,2,8,-6,0.0,0.6666666666666666,2.6666666666666665,0,0,0,17,1.588235294117647,0.4117647058823529,0.4117647058823529,group stage,Group stage,1,0,0,0,0
1978,WC-1978,Italy,UEFA,0,7,4,2,1,9,6,3,0.5714285714285714,1.2857142857142858,0.8571428571428571,8,29,16,9,1.5555555555555556,0.4444444444444444,0.8888888888888888,third-place match,Semi-finals/top four,4,0,0,1,1
1978,WC-1978,Mexico,CONCACAF,0,3,0,3,0,2,12,-10,0.0,0.6666666666666666,4.0,7,21,3,11,2.272727272727273,0.7272727272727273,1.8181818181818181,group stage,Group stage,1,0,0,0,0
1978,WC-1978,Netherlands,UEFA,0,7,3,2,2,15,10,5,0.42857142857142855,2.142857142857143,1.4285714285714286,3,9,5,7,2.7142857142857144,0.8571428571428571,1.5714285714285714,final,Final,5,0,1,1,1
1978,WC-1978,Peru,CONMEBOL,0,6,2,3,1,7,12,-5,0.3333333333333333,1.1666666666666667,2.0,2,6,2,9,1.1111111111111112,0.3333333333333333,-0.2222222222222222,second group stage,Round of 16 / second group,2,0,0,0,1
1978,WC-1978,Poland,UEFA,0,6,3,2,1,6,6,0,0.5,1.0,1.0,2,8,6,12,2.0833333333333335,0.6666666666666666,0.8333333333333334,second group stage,Round of 16 / second group,2,0,0,0,1
1978,WC-1978,Scotland,UEFA,0,3,1,1,1,5,6,-1,0.3333333333333333,1.6666666666666667,2.0,3,8,1,12,1.75,0.5,0.5833333333333334,group stage,Group stage,1,0,0,0,0
1978,WC-1978,Spain,UEFA,0,3,1,1,1,2,2,0,0.3333333333333333,0.6666666666666666,0.6666666666666666,4,15,6,7,2.7142857142857144,0.8571428571428571,1.4285714285714286,group stage,Group stage,1,0,0,0,0
1978,WC-1978,Sweden,UEFA,0,3,0,2,1,1,3,-2,0.0,0.3333333333333333,1.0,6,25,11,11,1.4545454545454546,0.45454545454545453,-0.09090909090909091,group stage,Group stage,1,0,0,0,0
1978,WC-1978,Tunisia,CAF,0,3,1,1,1,3,2,1,0.3333333333333333,1.0,0.6666666666666666,0,0,0,15,1.4,0.4,0.13333333333333333,group stage,Group stage,1,0,0,0,0
1978,WC-1978,West Germany,UEFA,0,6,1,1,4,10,5,5,0.16666666666666666,1.6666666666666667,0.8333333333333334,6,35,24,0,,,,second group stage,Round of 16 / second group,2,0,0,0,1
1982,WC-1982,Algeria,CAF,0,3,2,1,0,5,5,0,0.6666666666666666,1.6666666666666667,1.6666666666666667,0,0,0,12,2.0,0.5833333333333334,1.0,group stage,Group stage,1,0,0,0,0
1982,WC-1982,Argentina,CONMEBOL,0,5,2,3,0,8,7,1,0.4,1.6,1.4,7,29,14,7,1.4285714285714286,0.2857142857142857,0.14285714285714285,second group stage,Round of 16 / second group,2,0,0,0,1
1982,WC-1982,Austria,UEFA,0,5,2,2,1,5,4,1,0.4,1.0,0.8,4,18,9,7,2.0,0.5714285714285714,0.7142857142857143,second group stage,Round of 16 / second group,2,0,0,0,1
1982,WC-1982,Belgium,UEFA,0,5,2,2,1,3,5,-2,0.4,0.6,1.0,5,9,1,6,1.5,0.5,0.0,second group stage,Round of 16 / second group,2,0,0,0,1
1982,WC-1982,Brazil,CONMEBOL,0,5,4,1,0,15,6,9,0.8,3.0,1.2,11,52,33,9,2.3333333333333335,0.6666666666666666,1.7777777777777777,second group stage,Round of 16 / second group,2,0,0,0,1
1982,WC-1982,Cameroon,CAF,0,3,0,0,3,1,1,0,0.0,0.3333333333333333,0.3333333333333333,0,0,0,12,1.75,0.4166666666666667,0.6666666666666666,group stage,Group stage,1,0,0,0,0
1982,WC-1982,Chile,CONMEBOL,0,3,0,3,0,3,8,-5,0.0,1.0,2.6666666666666665,5,18,7,9,2.0,0.5555555555555556,0.7777777777777778,group stage,Group stage,1,0,0,0,0
1982,WC-1982,Czechoslovakia,UEFA,0,3,0,1,2,2,4,-2,0.0,0.6666666666666666,1.3333333333333333,6,22,8,10,1.1,0.2,-0.1,group stage,Group stage,1,0,0,0,0
1982,WC-1982,El Salvador,CONCACAF,0,3,0,3,0,1,13,-12,0.0,0.3333333333333333,4.333333333333333,1,3,0,9,1.7777777777777777,0.4444444444444444,0.6666666666666666,group stage,Group stage,1,0,0,0,0
1982,WC-1982,England,UEFA,0,5,3,0,2,6,1,5,0.6,1.2,0.2,6,24,10,8,2.375,0.75,1.375,second group stage,Round of 16 / second group,2,0,0,0,1
1982,WC-1982,France,UEFA,0,7,3,3,1,16,12,4,0.42857142857142855,2.2857142857142856,1.7142857142857142,7,20,8,8,1.5,0.5,0.875,third-place match,Semi-finals/top four,4,0,0,1,1
1982,WC-1982,Honduras,CONCACAF,0,3,0,1,2,2,3,-1,0.0,0.6666666666666666,1.0,0,0,0,9,1.7777777777777777,0.4444444444444444,0.7777777777777778,group stage,Group stage,1,0,0,0,0
1982,WC-1982,Hungary,UEFA,0,3,1,1,1,12,6,6,0.3333333333333333,4.0,2.0,7,26,13,8,1.625,0.5,0.625,group stage,Group stage,1,0,0,0,0
1982,WC-1982,Italy,UEFA,0,7,4,0,3,12,6,6,0.5714285714285714,1.7142857142857142,0.8571428571428571,9,36,20,7,1.2857142857142858,0.2857142857142857,-0.14285714285714285,final,Champion,6,1,1,1,1
1982,WC-1982,Kuwait,AFC,0,3,0,2,1,2,6,-4,0.0,0.6666666666666666,2.0,0,0,0,12,2.1666666666666665,0.6666666666666666,0.6666666666666666,group stage,Group stage,1,0,0,0,0
1982,WC-1982,New Zealand,OFC,0,3,0,3,0,2,12,-10,0.0,0.6666666666666666,4.0,0,0,0,15,1.5333333333333334,0.4,1.2,group stage,Group stage,1,0,0,0,0
1982,WC-1982,Northern Ireland,UEFA,0,5,1,1,3,5,7,-2,0.2,1.0,1.4,1,5,2,6,0.8333333333333334,0.16666666666666666,-1.6666666666666667,second group stage,Round of 16 / second group,2,0,0,0,1
1982,WC-1982,Peru,CONMEBOL,0,3,0,1,2,2,6,-4,0.0,0.6666666666666666,2.0,3,12,4,11,1.9090909090909092,0.5454545454545454,0.5454545454545454,group stage,Group stage,1,0,0,0,0
1982,WC-1982,Poland,UEFA,0,7,3,1,3,11,5,6,0.42857142857142855,1.5714285714285714,0.7142857142857143,3,14,9,6,1.5,0.5,0.5,third-place match,Semi-finals/top four,4,0,0,1,1
1982,WC-1982,Scotland,UEFA,0,3,1,1,1,8,8,0,0.3333333333333333,2.6666666666666665,2.6666666666666665,4,11,2,8,1.375,0.375,-0.125,group stage,Group stage,1,0,0,0,0
1982,WC-1982,Soviet Union,UEFA,0,5,2,1,2,7,4,3,0.4,1.4,0.8,4,19,10,0,,,,second group stage,Round of 16 / second group,2,0,0,0,1
1982,WC-1982,Spain,UEFA,1,5,1,2,2,4,5,-1,0.2,0.8,1.0,5,18,7,12,1.8333333333333333,0.5,0.8333333333333334,second group stage,Round of 16 / second group,2,0,0,0,1
1982,WC-1982,West Germany,UEFA,0,7,4,2,1,12,10,2,0.5714285714285714,1.7142857142857142,1.4285714285714286,7,41,25,0,,,,final,Final,5,0,1,1,1
1982,WC-1982,Yugoslavia,UEFA,0,3,1,1,1,2,2,0,0.3333333333333333,0.6666666666666666,0.6666666666666666,6,25,10,4,2.5,0.75,1.75,group stage,Group stage,1,0,0,0,0
1986,WC-1986,Algeria,CAF,0,3,0,2,1,1,5,-4,0.0,0.3333333333333333,1.6666666666666667,1,3,2,17,1.3529411764705883,0.35294117647058826,0.29411764705882354,group stage,Group stage,1,0,0,0,0
1986,WC-1986,Argentina,CONMEBOL,0,7,6,0,1,14,5,9,0.8571428571428571,2.0,0.7142857142857143,8,34,16,9,1.3333333333333333,0.3333333333333333,0.2222222222222222,final,Champion,6,1,1,1,1
1986,WC-1986,Belgium,UEFA,0,7,3,3,1,12,15,-3,0.42857142857142855,1.7142857142857142,2.142857142857143,6,14,3,6,1.1666666666666667,0.3333333333333333,-0.5,third-place match,Semi-finals/top four,4,0,0,1,1
1986,WC-1986,Brazil,CONMEBOL,0,5,4,1,0,10,1,9,0.8,2.0,0.2,12,57,37,12,2.0,0.5833333333333334,1.0833333333333333,quarter-finals,Quarter-finals,3,0,0,0,1
1986,WC-1986,Bulgaria,UEFA,0,4,0,2,2,2,6,-4,0.0,0.5,1.5,4,12,0,12,1.4166666666666667,0.4166666666666667,0.3333333333333333,round of 16,Round of 16 / second group,2,0,0,0,1
1986,WC-1986,Canada,CONCACAF,0,3,0,3,0,0,5,-5,0.0,0.0,1.6666666666666667,0,0,0,12,1.25,0.3333333333333333,-0.75,group stage,Group stage,1,0,0,0,0
1986,WC-1986,Denmark,UEFA,0,4,3,1,0,10,6,4,0.75,2.5,1.5,0,0,0,11,1.3636363636363635,0.36363636363636365,0.18181818181818182,round of 16,Round of 16 / second group,2,0,0,0,1
1986,WC-1986,England,UEFA,0,5,2,2,1,7,3,4,0.4,1.4,0.6,7,29,13,13,2.230769230769231,0.6923076923076923,1.6923076923076923,quarter-finals,Quarter-finals,3,0,0,0,1
1986,WC-1986,France,UEFA,0,7,5,1,1,12,6,6,0.7142857142857143,1.7142857142857142,0.8571428571428571,8,27,11,6,2.1666666666666665,0.6666666666666666,1.6666666666666667,third-place match,Semi-finals/top four,4,0,0,1,1
1986,WC-1986,Hungary,UEFA,0,3,1,2,0,2,9,-7,0.3333333333333333,0.6666666666666666,3.0,8,29,14,6,2.5,0.8333333333333334,1.6666666666666667,group stage,Group stage,1,0,0,0,0
1986,WC-1986,Iraq,AFC,0,3,0,3,0,1,4,-3,0.0,0.3333333333333333,1.3333333333333333,0,0,0,17,1.588235294117647,0.4117647058823529,0.47058823529411764,group stage,Group stage,1,0,0,0,0
1986,WC-1986,Italy,UEFA,0,4,1,1,2,5,6,-1,0.25,1.25,1.5,10,43,24,7,1.4285714285714286,0.42857142857142855,0.14285714285714285,round of 16,Round of 16 / second group,2,0,0,0,1
1986,WC-1986,Mexico,CONCACAF,1,5,3,1,1,6,2,4,0.6,1.2,0.4,8,24,3,23,1.7826086956521738,0.4782608695652174,0.43478260869565216,quarter-finals,Quarter-finals,3,0,0,0,1
1986,WC-1986,Morocco,CAF,0,4,1,1,2,3,2,1,0.25,0.75,0.5,1,3,0,13,1.3076923076923077,0.3076923076923077,0.23076923076923078,round of 16,Round of 16 / second group,2,0,0,0,1
1986,WC-1986,Northern Ireland,UEFA,0,3,0,2,1,2,6,-4,0.0,0.6666666666666666,2.0,2,10,3,6,1.6666666666666667,0.3333333333333333,0.3333333333333333,group stage,Group stage,1,0,0,0,0
1986,WC-1986,Paraguay,CONMEBOL,0,4,1,1,2,4,6,-2,0.25,1.0,1.5,3,7,2,17,1.9411764705882353,0.5294117647058824,1.0,round of 16,Round of 16 / second group,2,0,0,0,1
1986,WC-1986,Poland,UEFA,0,4,1,2,1,1,7,-6,0.25,0.25,1.75,4,21,12,9,0.6666666666666666,0.1111111111111111,-0.7777777777777778,round of 16,Round of 16 / second group,2,0,0,0,1
1986,WC-1986,Portugal,UEFA,0,3,1,2,0,2,4,-2,0.3333333333333333,0.6666666666666666,1.3333333333333333,1,6,5,6,1.6666666666666667,0.5,0.16666666666666666,group stage,Group stage,1,0,0,0,0
1986,WC-1986,Scotland,UEFA,0,3,0,2,1,1,3,-2,0.0,0.3333333333333333,1.0,5,14,3,8,1.625,0.375,0.625,group stage,Group stage,1,0,0,0,0
1986,WC-1986,South Korea,AFC,0,3,0,2,1,4,7,-3,0.0,1.3333333333333333,2.3333333333333335,1,2,0,16,1.9375,0.625,1.125,group stage,Group stage,1,0,0,0,0
1986,WC-1986,Soviet Union,UEFA,0,4,2,1,1,12,5,7,0.5,3.0,1.25,5,24,12,0,,,,round of 16,Round of 16 / second group,2,0,0,0,1
1986,WC-1986,Spain,UEFA,0,5,3,2,0,11,4,7,0.6,2.2,0.8,6,23,8,7,2.7142857142857144,0.8571428571428571,1.7142857142857142,quarter-finals,Quarter-finals,3,0,0,0,1
1986,WC-1986,Uruguay,CONMEBOL,0,4,0,2,2,2,8,-6,0.0,0.5,2.0,7,29,14,6,1.0,0.16666666666666666,-0.16666666666666666,round of 16,Round of 16 / second group,2,0,0,0,1
1986,WC-1986,West Germany,UEFA,0,7,4,2,1,8,7,1,0.5714285714285714,1.1428571428571428,1.0,8,48,29,0,,,,final,Final,5,0,1,1,1
1990,WC-1990,Argentina,CONMEBOL,0,7,4,2,1,5,4,1,0.5714285714285714,0.7142857142857143,0.5714285714285714,9,41,22,13,1.1538461538461537,0.23076923076923078,-0.3076923076923077,final,Final,5,0,1,1,1
1990,WC-1990,Austria,UEFA,0,3,1,2,0,2,3,-1,0.3333333333333333,0.6666666666666666,1.0,5,23,11,11,2.0,0.5454545454545454,0.6363636363636364,group stage,Group stage,1,0,0,0,0
1990,WC-1990,Belgium,UEFA,0,4,2,2,0,6,4,2,0.5,1.5,1.0,7,21,6,10,1.7,0.4,0.9,round of 16,Round of 16 / second group,2,0,0,0,1
1990,WC-1990,Brazil,CONMEBOL,0,4,3,1,0,4,2,2,0.75,1.0,0.5,13,62,41,22,2.0,0.5909090909090909,1.0,round of 16,Round of 16 / second group,2,0,0,0,1
1990,WC-1990,Cameroon,CAF,0,5,3,2,0,7,9,-2,0.6,1.4,1.8,1,3,0,15,1.9333333333333333,0.6,0.26666666666666666,quarter-finals,Quarter-finals,3,0,0,0,1
1990,WC-1990,Colombia,CONMEBOL,0,4,1,2,1,4,4,0,0.25,1.0,1.0,1,3,0,21,1.5238095238095237,0.38095238095238093,0.23809523809523808,round of 16,Round of 16 / second group,2,0,0,0,1
1990,WC-1990,Costa Rica,CONCACAF,0,4,2,2,0,4,6,-2,0.5,1.0,1.5,0,0,0,8,1.5,0.5,0.0,round of 16,Round of 16 / second group,2,0,0,0,1
1990,WC-1990,Czechoslovakia,UEFA,0,5,3,2,0,10,5,5,0.6,2.0,1.0,7,25,8,9,1.2222222222222223,0.3333333333333333,0.1111111111111111,quarter-finals,Quarter-finals,3,0,0,0,1
1990,WC-1990,Egypt,CAF,0,3,0,1,2,1,2,-1,0.0,0.3333333333333333,0.6666666666666666,1,1,0,25,1.4,0.36,0.04,group stage,Group stage,1,0,0,0,0
1990,WC-1990,England,UEFA,0,7,3,2,2,8,6,2,0.42857142857142855,1.1428571428571428,0.8571428571428571,8,34,15,9,1.7777777777777777,0.4444444444444444,0.4444444444444444,third-place match,Semi-finals/top four,4,0,0,1,1
1990,WC-1990,Italy,UEFA,1,7,6,1,0,10,2,8,0.8571428571428571,1.4285714285714286,0.2857142857142857,11,47,25,8,1.625,0.375,0.625,third-place match,Semi-finals/top four,4,0,0,1,1
1990,WC-1990,Netherlands,UEFA,0,4,0,1,3,3,4,-1,0.0,0.75,1.0,4,16,8,8,1.375,0.375,0.375,round of 16,Round of 16 / second group,2,0,0,0,1
1990,WC-1990,Republic of Ireland,UEFA,0,5,1,1,3,2,3,-1,0.2,0.4,0.6,0,0,0,8,2.25,0.625,1.25,quarter-finals,Quarter-finals,3,0,0,0,1
1990,WC-1990,Romania,UEFA,0,4,1,2,1,4,3,1,0.25,1.0,0.75,4,8,2,11,1.4545454545454546,0.36363636363636365,0.18181818181818182,round of 16,Round of 16 / second group,2,0,0,0,1
1990,WC-1990,Scotland,UEFA,0,3,1,2,0,2,3,-1,0.3333333333333333,0.6666666666666666,1.0,6,17,3,8,1.0,0.25,-0.75,group stage,Group stage,1,0,0,0,0
1990,WC-1990,South Korea,AFC,0,3,0,3,0,1,6,-5,0.0,0.3333333333333333,2.0,2,5,0,13,1.5384615384615385,0.38461538461538464,0.15384615384615385,group stage,Group stage,1,0,0,0,0
1990,WC-1990,Soviet Union,UEFA,0,3,1,2,0,4,4,0,0.3333333333333333,1.3333333333333333,1.3333333333333333,6,28,14,0,,,,group stage,Group stage,1,0,0,0,0
1990,WC-1990,Spain,UEFA,0,4,2,1,1,6,4,2,0.5,1.5,1.0,7,28,11,7,2.2857142857142856,0.7142857142857143,1.0,round of 16,Round of 16 / second group,2,0,0,0,1
1990,WC-1990,Sweden,UEFA,0,3,0,3,0,3,6,-3,0.0,1.0,2.0,7,28,11,12,1.75,0.5,0.5,group stage,Group stage,1,0,0,0,0
1990,WC-1990,United Arab Emirates,AFC,0,3,0,3,0,2,11,-9,0.0,0.6666666666666666,3.6666666666666665,0,0,0,17,1.0,0.17647058823529413,-0.7647058823529411,group stage,Group stage,1,0,0,0,0
1990,WC-1990,United States,CONCACAF,0,3,0,3,0,2,8,-6,0.0,0.6666666666666666,2.6666666666666665,3,7,3,21,1.5714285714285714,0.47619047619047616,0.19047619047619047,group stage,Group stage,1,0,0,0,0
1990,WC-1990,Uruguay,CONMEBOL,0,4,1,2,1,2,5,-3,0.25,0.5,1.25,8,33,14,22,1.7272727272727273,0.5,0.7727272727272727,round of 16,Round of 16 / second group,2,0,0,0,1
1990,WC-1990,West Germany,UEFA,0,7,6,0,1,15,5,10,0.8571428571428571,2.142857142857143,0.7142857142857143,9,55,33,0,,,,final,Champion,6,1,1,1,1
1990,WC-1990,Yugoslavia,UEFA,0,5,3,2,0,8,6,2,0.6,1.6,1.2,7,28,11,12,1.5833333333333333,0.4166666666666667,0.3333333333333333,quarter-finals,Quarter-finals,3,0,0,0,1
1994,WC-1994,Argentina,CONMEBOL,0,4,2,2,0,8,6,2,0.5,2.0,1.5,10,48,26,21,1.6666666666666667,0.42857142857142855,0.19047619047619047,round of 16,Round of 16 / second group,2,0,0,0,1
1994,WC-1994,Belgium,UEFA,0,4,2,2,0,4,4,0,0.5,1.0,1.0,8,25,8,5,1.4,0.4,0.2,round of 16,Round of 16 / second group,2,0,0,0,1
1994,WC-1994,Bolivia,CONMEBOL,0,3,0,2,1,1,4,-3,0.0,0.3333333333333333,1.3333333333333333,2,3,0,24,1.25,0.2916666666666667,0.125,group stage,Group stage,1,0,0,0,0
1994,WC-1994,Brazil,CONMEBOL,0,7,6,0,1,11,3,8,0.8571428571428571,1.5714285714285714,0.42857142857142855,14,66,44,21,2.0,0.5714285714285714,1.6666666666666667,final,Champion,6,1,1,1,1
1994,WC-1994,Bulgaria,UEFA,0,7,4,3,0,10,11,-1,0.5714285714285714,1.4285714285714286,1.5714285714285714,5,16,0,7,1.5714285714285714,0.2857142857142857,0.5714285714285714,third-place match,Semi-finals/top four,4,0,0,1,1
1994,WC-1994,Cameroon,CAF,0,3,0,2,1,3,11,-8,0.0,1.0,3.6666666666666665,2,8,3,11,1.6363636363636365,0.45454545454545453,0.7272727272727273,group stage,Group stage,1,0,0,0,0
1994,WC-1994,Colombia,CONMEBOL,0,3,1,2,0,4,5,-1,0.3333333333333333,1.3333333333333333,1.6666666666666667,2,7,1,23,2.0,0.5217391304347826,1.0,group stage,Group stage,1,0,0,0,0
1994,WC-1994,Germany,UEFA,0,5,3,1,1,9,7,2,0.6,1.8,1.4,2,6,3,12,2.1666666666666665,0.6666666666666666,1.3333333333333333,quarter-finals,Quarter-finals,3,0,0,0,1
1994,WC-1994,Greece,UEFA,0,3,0,3,0,0,10,-10,0.0,0.0,3.3333333333333335,0,0,0,9,1.3333333333333333,0.3333333333333333,-0.3333333333333333,group stage,Group stage,1,0,0,0,0
1994,WC-1994,Italy,UEFA,0,7,4,2,1,8,5,3,0.5714285714285714,1.1428571428571428,0.7142857142857143,12,54,31,8,2.25,0.75,1.0,final,Final,5,0,1,1,1
1994,WC-1994,Mexico,CONCACAF,0,4,1,2,1,4,4,0,0.25,1.0,1.0,9,29,6,27,1.7777777777777777,0.48148148148148145,1.2962962962962963,round of 16,Round of 16 / second group,2,0,0,0,1
1994,WC-1994,Morocco,CAF,0,3,0,3,0,2,5,-3,0.0,0.6666666666666666,1.6666666666666667,2,7,1,14,1.8571428571428572,0.5,0.5714285714285714,group stage,Group stage,1,0,0,0,0
1994,WC-1994,Netherlands,UEFA,0,5,3,2,0,8,6,2,0.6,1.6,1.2,5,20,8,9,2.4444444444444446,0.7777777777777778,2.4444444444444446,quarter-finals,Quarter-finals,3,0,0,0,1
1994,WC-1994,Nigeria,CAF,0,4,2,2,0,7,4,3,0.5,1.75,1.0,0,0,0,17,1.7647058823529411,0.47058823529411764,1.0588235294117647,round of 16,Round of 16 / second group,2,0,0,0,1
1994,WC-1994,Norway,UEFA,0,3,1,1,1,1,1,0,0.3333333333333333,0.3333333333333333,0.3333333333333333,1,1,0,12,1.75,0.5,0.9166666666666666,group stage,Group stage,1,0,0,0,0
1994,WC-1994,Republic of Ireland,UEFA,0,4,1,2,1,2,4,-2,0.25,0.5,1.0,1,5,1,8,1.75,0.5,0.25,round of 16,Round of 16 / second group,2,0,0,0,1
1994,WC-1994,Romania,UEFA,0,5,3,2,0,10,9,1,0.6,2.0,1.8,5,12,3,11,2.3636363636363638,0.7272727272727273,1.0909090909090908,quarter-finals,Quarter-finals,3,0,0,0,1
1994,WC-1994,Russia,UEFA,0,3,1,2,0,7,6,1,0.3333333333333333,2.3333333333333335,2.0,0,0,0,9,1.5555555555555556,0.4444444444444444,0.2222222222222222,group stage,Group stage,1,0,0,0,0
1994,WC-1994,Saudi Arabia,AFC,0,4,2,2,0,5,6,-1,0.5,1.25,1.5,0,0,0,21,1.5714285714285714,0.42857142857142855,0.23809523809523808,round of 16,Round of 16 / second group,2,0,0,0,1
1994,WC-1994,South Korea,AFC,0,3,0,1,2,4,5,-1,0.0,1.3333333333333333,1.6666666666666667,3,8,0,17,1.2352941176470589,0.29411764705882354,0.29411764705882354,group stage,Group stage,1,0,0,0,0
1994,WC-1994,Spain,UEFA,0,5,2,1,2,10,6,4,0.4,2.0,1.2,8,32,13,9,2.2222222222222223,0.6666666666666666,1.1111111111111112,quarter-finals,Quarter-finals,3,0,0,0,1
1994,WC-1994,Sweden,UEFA,0,7,4,1,2,15,8,7,0.5714285714285714,2.142857142857143,1.1428571428571428,8,31,11,13,1.5384615384615385,0.38461538461538464,0.46153846153846156,third-place match,Semi-finals/top four,4,0,0,1,1
1994,WC-1994,Switzerland,UEFA,0,4,1,2,1,5,7,-2,0.25,1.25,1.75,6,18,5,11,1.9090909090909092,0.5454545454545454,1.1818181818181819,round of 16,Round of 16 / second group,2,0,0,0,1
1994,WC-1994,United States,CONCACAF,1,4,1,2,1,3,4,-1,0.25,0.75,1.0,4,10,3,34,1.5294117647058822,0.4117647058823529,0.38235294117647056,round of 16,Round of 16 / second group,2,0,0,0,1
1998,WC-1998,Argentina,CONMEBOL,0,5,4,1,0,10,4,6,0.8,2.0,0.8,11,52,28,17,2.176470588235294,0.6470588235294118,1.1176470588235294,quarter-finals,Quarter-finals,3,0,0,0,1
1998,WC-1998,Austria,UEFA,0,3,0,1,2,3,4,-1,0.0,1.0,1.3333333333333333,6,26,12,8,2.25,0.75,1.5,group stage,Group stage,1,0,0,0,0
1998,WC-1998,Belgium,UEFA,0,3,0,0,3,3,3,0,0.0,1.0,1.0,9,29,10,11,1.7272727272727273,0.45454545454545453,0.36363636363636365,group stage,Group stage,1,0,0,0,0
1998,WC-1998,Brazil,CONMEBOL,0,7,5,2,0,14,10,4,0.7142857142857143,2.0,1.4285714285714286,15,73,50,26,2.5384615384615383,0.8076923076923077,1.9615384615384615,final,Final,5,0,1,1,1
1998,WC-1998,Bulgaria,UEFA,0,3,0,2,1,1,7,-6,0.0,0.3333333333333333,2.3333333333333335,6,23,4,8,1.625,0.5,0.0,group stage,Group stage,1,0,0,0,0
1998,WC-1998,Cameroon,CAF,0,3,0,1,2,2,5,-3,0.0,0.6666666666666666,1.6666666666666667,3,11,3,22,1.5454545454545454,0.4090909090909091,0.18181818181818182,group stage,Group stage,1,0,0,0,0
1998,WC-1998,Chile,CONMEBOL,0,4,0,1,3,5,8,-3,0.0,1.25,2.0,6,21,7,20,1.6,0.45,0.6,round of 16,Round of 16 / second group,2,0,0,0,1
1998,WC-1998,Colombia,CONMEBOL,0,3,1,2,0,1,3,-2,0.3333333333333333,0.3333333333333333,1.0,3,10,2,18,1.0,0.2222222222222222,-0.2777777777777778,group stage,Group stage,1,0,0,0,0
1998,WC-1998,Croatia,UEFA,0,7,5,2,0,11,5,6,0.7142857142857143,1.5714285714285714,0.7142857142857143,0,0,0,9,2.2222222222222223,0.6666666666666666,1.6666666666666667,third-place match,Semi-finals/top four,4,0,0,1,1
1998,WC-1998,Denmark,UEFA,0,5,2,2,1,9,7,2,0.4,1.8,1.4,1,4,3,7,1.0,0.2857142857142857,-0.8571428571428571,quarter-finals,Quarter-finals,3,0,0,0,1
1998,WC-1998,England,UEFA,0,4,2,2,0,7,4,3,0.5,1.75,1.0,9,41,18,10,1.6,0.4,0.7,round of 16,Round of 16 / second group,2,0,0,0,1
1998,WC-1998,France,UEFA,1,7,7,0,0,15,2,13,1.0,2.142857142857143,0.2857142857142857,9,34,16,10,1.9,0.5,0.4,final,Champion,6,1,1,1,1
1998,WC-1998,Germany,UEFA,0,5,3,1,1,8,6,2,0.6,1.6,1.2,3,11,6,12,2.4166666666666665,0.75,2.0,quarter-finals,Quarter-finals,3,0,0,0,1
1998,WC-1998,Iran,AFC,0,3,1,2,0,2,4,-2,0.3333333333333333,0.6666666666666666,1.3333333333333333,1,3,0,21,1.2380952380952381,0.2857142857142857,0.38095238095238093,group stage,Group stage,1,0,0,0,0
1998,WC-1998,Italy,UEFA,0,5,3,1,1,8,3,5,0.6,1.6,0.6,13,61,35,8,1.625,0.375,0.625,quarter-finals,Quarter-finals,3,0,0,0,1
1998,WC-1998,Jamaica,CONCACAF,0,3,1,2,0,3,9,-6,0.3333333333333333,1.0,3.0,0,0,0,30,1.6333333333333333,0.4,0.6666666666666666,group stage,Group stage,1,0,0,0,0
1998,WC-1998,Japan,AFC,0,3,0,3,0,1,4,-3,0.0,0.3333333333333333,1.3333333333333333,0,0,0,23,1.608695652173913,0.43478260869565216,1.0,group stage,Group stage,1,0,0,0,0
1998,WC-1998,Mexico,CONCACAF,0,4,1,1,2,8,7,1,0.25,2.0,1.75,10,33,7,26,1.6153846153846154,0.4230769230769231,0.6153846153846154,round of 16,Round of 16 / second group,2,0,0,0,1
1998,WC-1998,Morocco,CAF,0,3,1,1,1,5,5,0,0.3333333333333333,1.6666666666666667,1.6666666666666667,3,10,1,16,1.875,0.5625,0.8125,group stage,Group stage,1,0,0,0,0
1998,WC-1998,Netherlands,UEFA,0,7,3,2,2,13,7,6,0.42857142857142855,1.8571428571428572,1.0,6,25,11,7,2.4285714285714284,0.7142857142857143,1.8571428571428572,third-place match,Semi-finals/top four,4,0,0,1,1
1998,WC-1998,Nigeria,CAF,0,4,2,2,0,6,9,-3,0.5,1.5,2.25,1,4,2,9,0.8888888888888888,0.2222222222222222,-1.0,round of 16,Round of 16 / second group,2,0,0,0,1
1998,WC-1998,Norway,UEFA,0,4,1,1,2,5,5,0,0.25,1.25,1.25,2,4,1,10,2.4,0.7,2.2,round of 16,Round of 16 / second group,2,0,0,0,1
1998,WC-1998,Paraguay,CONMEBOL,0,4,1,1,2,3,2,1,0.25,0.75,0.5,4,11,3,20,0.85,0.2,-0.5,round of 16,Round of 16 / second group,2,0,0,0,1
1998,WC-1998,Romania,UEFA,0,4,2,1,1,4,3,1,0.5,1.0,0.75,6,17,6,10,2.1,0.6,1.8,round of 16,Round of 16 / second group,2,0,0,0,1
1998,WC-1998,Saudi Arabia,AFC,0,3,0,2,1,2,7,-5,0.0,0.6666666666666666,2.3333333333333335,1,4,2,21,1.4761904761904763,0.38095238095238093,-0.38095238095238093,group stage,Group stage,1,0,0,0,0
1998,WC-1998,Scotland,UEFA,0,3,0,2,1,2,6,-4,0.0,0.6666666666666666,2.0,7,20,4,6,1.3333333333333333,0.3333333333333333,0.5,group stage,Group stage,1,0,0,0,0
1998,WC-1998,South Africa,CAF,0,3,0,1,2,3,6,-3,0.0,1.0,2.0,0,0,0,17,1.0,0.23529411764705882,-0.35294117647058826,group stage,Group stage,1,0,0,0,0
1998,WC-1998,South Korea,AFC,0,3,0,2,1,2,9,-7,0.0,0.6666666666666666,3.0,4,11,0,30,1.9,0.5333333333333333,0.8,group stage,Group stage,1,0,0,0,0
1998,WC-1998,Spain,UEFA,0,3,1,1,1,8,4,4,0.3333333333333333,2.6666666666666665,1.3333333333333333,9,37,15,6,2.1666666666666665,0.6666666666666666,1.5,group stage,Group stage,1,0,0,0,0
1998,WC-1998,Tunisia,CAF,0,3,0,2,1,1,4,-3,0.0,0.3333333333333333,1.3333333333333333,1,3,1,17,2.0588235294117645,0.6470588235294118,0.8823529411764706,group stage,Group stage,1,0,0,0,0
1998,WC-1998,United States,CONCACAF,0,3,0,3,0,1,5,-4,0.0,0.3333333333333333,1.6666666666666667,5,14,4,20,1.8,0.5,0.6,group stage,Group stage,1,0,0,0,0
1998,WC-1998,Yugoslavia,UEFA,0,4,2,1,1,5,4,1,0.5,1.25,1.0,8,33,14,0,,,,round of 16,Round of 16 / second group,2,0,0,0,1
2002,WC-2002,Argentina,CONMEBOL,0,3,1,1,1,2,2,0,0.3333333333333333,0.6666666666666666,0.6666666666666666,12,57,32,9,2.111111111111111,0.5555555555555556,1.0,group stage,Group stage,1,0,0,0,0
2002,WC-2002,Belgium,UEFA,0,4,1,1,2,6,7,-1,0.25,1.5,1.75,10,32,10,12,2.1666666666666665,0.6666666666666666,0.6666666666666666,round of 16,Round of 16 / second group,2,0,0,0,1
2002,WC-2002,Brazil,CONMEBOL,0,7,7,0,0,18,4,14,1.0,2.5714285714285716,0.5714285714285714,16,80,55,23,1.826086956521739,0.5652173913043478,1.2173913043478262,final,Champion,6,1,1,1,1
2002,WC-2002,Cameroon,CAF,0,3,1,1,1,2,3,-1,0.3333333333333333,0.6666666666666666,1.0,4,14,3,18,1.8333333333333333,0.5,0.6111111111111112,group stage,Group stage,1,0,0,0,0
2002,WC-2002,China,AFC,0,3,0,3,0,0,9,-9,0.0,0.0,3.0,0,0,0,0,,,,group stage,Group stage,1,0,0,0,0
2002,WC-2002,Costa Rica,CONCACAF,0,3,1,1,1,5,6,-1,0.3333333333333333,1.6666666666666667,2.0,1,4,2,22,1.7272727272727273,0.5,0.4090909090909091,group stage,Group stage,1,0,0,0,0
2002,WC-2002,Croatia,UEFA,0,3,1,2,0,2,3,-1,0.3333333333333333,0.6666666666666666,1.0,1,7,5,12,1.9166666666666667,0.5,1.0,group stage,Group stage,1,0,0,0,0
2002,WC-2002,Denmark,UEFA,0,4,2,1,1,5,5,0,0.5,1.25,1.25,2,9,5,12,2.1666666666666665,0.6666666666666666,0.9166666666666666,round of 16,Round of 16 / second group,2,0,0,0,1
2002,WC-2002,Ecuador,CONMEBOL,0,3,1,2,0,2,4,-2,0.3333333333333333,0.6666666666666666,1.3333333333333333,0,0,0,21,1.5714285714285714,0.42857142857142855,0.38095238095238093,group stage,Group stage,1,0,0,0,0
2002,WC-2002,England,UEFA,0,5,2,1,2,6,3,3,0.4,1.2,0.6,10,45,20,11,1.5454545454545454,0.36363636363636365,0.8181818181818182,quarter-finals,Quarter-finals,3,0,0,0,1
2002,WC-2002,France,UEFA,0,3,0,2,1,0,3,-3,0.0,0.0,1.0,10,41,23,13,2.0,0.6153846153846154,1.0769230769230769,group stage,Group stage,1,0,0,0,0
2002,WC-2002,Germany,UEFA,0,7,5,1,1,14,3,11,0.7142857142857143,2.0,0.42857142857142855,4,16,9,13,1.8461538461538463,0.5384615384615384,1.6153846153846154,final,Final,5,0,1,1,1
2002,WC-2002,Italy,UEFA,0,4,1,2,1,5,5,0,0.25,1.25,1.25,14,66,38,9,2.0,0.5555555555555556,0.4444444444444444,round of 16,Round of 16 / second group,2,0,0,0,1
2002,WC-2002,Japan,AFC,1,4,2,1,1,5,3,2,0.5,1.25,0.75,1,3,0,18,1.8333333333333333,0.5,0.5555555555555556,round of 16,Round of 16 / second group,2,0,0,0,1
2002,WC-2002,Mexico,CONCACAF,0,4,2,1,1,4,4,0,0.5,1.0,1.0,11,37,8,26,1.8461538461538463,0.5769230769230769,0.5384615384615384,round of 16,Round of 16 / second group,2,0,0,0,1
2002,WC-2002,Nigeria,CAF,0,3,0,2,1,1,3,-2,0.0,0.3333333333333333,1.0,2,8,4,19,2.1578947368421053,0.631578947368421,0.9473684210526315,group stage,Group stage,1,0,0,0,0
2002,WC-2002,Paraguay,CONMEBOL,0,4,1,2,1,6,7,-1,0.25,1.5,1.75,5,15,4,15,1.1333333333333333,0.26666666666666666,-0.5333333333333333,round of 16,Round of 16 / second group,2,0,0,0,1
2002,WC-2002,Poland,UEFA,0,3,1,2,0,3,7,-4,0.3333333333333333,1.0,2.3333333333333335,5,25,13,12,1.5833333333333333,0.4166666666666667,0.25,group stage,Group stage,1,0,0,0,0
2002,WC-2002,Portugal,UEFA,0,3,1,2,0,6,4,2,0.3333333333333333,2.0,1.3333333333333333,2,9,6,11,2.1818181818181817,0.6363636363636364,2.272727272727273,group stage,Group stage,1,0,0,0,0
2002,WC-2002,Republic of Ireland,UEFA,0,4,1,1,2,6,3,3,0.25,1.5,0.75,2,9,2,11,2.090909090909091,0.6363636363636364,1.1818181818181819,round of 16,Round of 16 / second group,2,0,0,0,1
2002,WC-2002,Russia,UEFA,0,3,1,2,0,4,4,0,0.3333333333333333,1.3333333333333333,1.3333333333333333,1,3,1,12,1.4166666666666667,0.3333333333333333,0.5,group stage,Group stage,1,0,0,0,0
2002,WC-2002,Saudi Arabia,AFC,0,3,0,3,0,0,12,-12,0.0,0.0,4.0,2,7,2,28,1.9642857142857142,0.6071428571428571,0.7142857142857143,group stage,Group stage,1,0,0,0,0
2002,WC-2002,Senegal,CAF,0,5,2,1,2,7,6,1,0.4,1.4,1.2,0,0,0,17,2.1176470588235294,0.6470588235294118,0.7647058823529411,quarter-finals,Quarter-finals,3,0,0,0,1
2002,WC-2002,Slovenia,UEFA,0,3,0,3,0,2,7,-5,0.0,0.6666666666666666,2.3333333333333335,0,0,0,13,2.0,0.5384615384615384,0.5384615384615384,group stage,Group stage,1,0,0,0,0
2002,WC-2002,South Africa,CAF,0,3,1,1,1,5,5,0,0.3333333333333333,1.6666666666666667,1.6666666666666667,1,3,0,19,1.4736842105263157,0.3684210526315789,0.05263157894736842,group stage,Group stage,1,0,0,0,0
2002,WC-2002,South Korea,AFC,1,7,4,2,1,8,6,2,0.5714285714285714,1.1428571428571428,0.8571428571428571,5,14,0,23,1.391304347826087,0.34782608695652173,0.043478260869565216,third-place match,Semi-finals/top four,4,0,0,1,1
2002,WC-2002,Spain,UEFA,0,5,4,1,0,10,5,5,0.8,2.0,1.0,10,40,16,8,2.125,0.625,1.75,quarter-finals,Quarter-finals,3,0,0,0,1
2002,WC-2002,Sweden,UEFA,0,4,1,1,2,5,5,0,0.25,1.25,1.25,9,38,15,12,1.9166666666666667,0.5,1.25,round of 16,Round of 16 / second group,2,0,0,0,1
2002,WC-2002,Tunisia,CAF,0,3,0,2,1,1,5,-4,0.0,0.3333333333333333,1.6666666666666667,2,6,1,15,1.4,0.3333333333333333,0.9333333333333333,group stage,Group stage,1,0,0,0,0
2002,WC-2002,Turkey,UEFA,0,7,4,2,1,10,6,4,0.5714285714285714,1.4285714285714286,0.8571428571428571,1,3,1,12,1.75,0.5,0.9166666666666666,third-place match,Semi-finals/top four,4,0,0,1,1
2002,WC-2002,United States,CONCACAF,0,5,2,2,1,7,7,0,0.4,1.4,1.4,6,17,4,22,1.5454545454545454,0.45454545454545453,0.5,quarter-finals,Quarter-finals,3,0,0,0,1
2002,WC-2002,Uruguay,CONMEBOL,0,3,0,1,2,4,5,-1,0.0,1.3333333333333333,1.6666666666666667,9,37,15,20,1.5,0.4,0.25,group stage,Group stage,1,0,0,0,0
2006,WC-2006,Angola,CAF,0,3,0,1,2,1,2,-1,0.0,0.3333333333333333,0.6666666666666666,0,0,0,17,1.3529411764705883,0.35294117647058826,0.23529411764705882,group stage,Group stage,1,0,0,0,0
2006,WC-2006,Argentina,CONMEBOL,0,5,3,1,1,11,3,8,0.6,2.2,0.6,13,60,33,13,1.5384615384615385,0.46153846153846156,0.3076923076923077,quarter-finals,Quarter-finals,3,0,0,0,1
2006,WC-2006,Australia,AFC,0,4,1,2,1,5,6,-1,0.25,1.25,1.5,1,3,0,13,1.9230769230769231,0.6153846153846154,1.0769230769230769,round of 16,Round of 16 / second group,2,0,0,0,1
2006,WC-2006,Brazil,CONMEBOL,0,5,4,1,0,10,2,8,0.8,2.0,0.4,17,87,62,12,2.25,0.6666666666666666,2.25,quarter-finals,Quarter-finals,3,0,0,0,1
2006,WC-2006,Costa Rica,CONCACAF,0,3,0,3,0,3,9,-6,0.0,1.0,3.0,2,7,3,17,1.1764705882352942,0.35294117647058826,-0.29411764705882354,group stage,Group stage,1,0,0,0,0
2006,WC-2006,Croatia,UEFA,0,3,0,1,2,2,3,-1,0.0,0.6666666666666666,1.0,2,10,6,13,1.4615384615384615,0.38461538461538464,0.38461538461538464,group stage,Group stage,1,0,0,0,0
2006,WC-2006,Czech Republic,UEFA,0,3,1,2,0,3,4,-1,0.3333333333333333,1.0,1.3333333333333333,0,0,0,11,2.0,0.6363636363636364,0.8181818181818182,group stage,Group stage,1,0,0,0,0
2006,WC-2006,Ecuador,CONMEBOL,0,4,2,2,0,5,4,1,0.5,1.25,1.0,1,3,1,13,1.0,0.23076923076923078,-0.3076923076923077,round of 16,Round of 16 / second group,2,0,0,0,1
2006,WC-2006,England,UEFA,0,5,3,1,1,6,2,4,0.6,1.2,0.4,11,50,22,9,2.3333333333333335,0.7777777777777778,1.0,quarter-finals,Quarter-finals,3,0,0,0,1
2006,WC-2006,France,UEFA,0,7,4,1,2,9,3,6,0.5714285714285714,1.2857142857142858,0.42857142857142855,11,44,23,11,2.3636363636363638,0.7272727272727273,1.4545454545454546,final,Final,5,0,1,1,1
2006,WC-2006,Germany,UEFA,1,7,6,1,0,14,6,8,0.8571428571428571,2.0,0.8571428571428571,5,23,14,16,1.75,0.5,0.875,third-place match,Semi-finals/top four,4,0,0,1,1
2006,WC-2006,Ghana,CAF,0,4,2,2,0,4,6,-2,0.5,1.0,1.5,0,0,0,14,1.6428571428571428,0.5,0.7142857142857143,round of 16,Round of 16 / second group,2,0,0,0,1
2006,WC-2006,Iran,AFC,0,3,0,2,1,2,6,-4,0.0,0.6666666666666666,2.0,2,6,1,8,2.0,0.625,1.375,group stage,Group stage,1,0,0,0,0
2006,WC-2006,Italy,UEFA,0,7,6,0,1,12,2,10,0.8571428571428571,1.7142857142857142,0.2857142857142857,15,70,39,11,2.090909090909091,0.5454545454545454,1.0,final,Champion,6,1,1,1,1
2006,WC-2006,Ivory Coast,CAF,0,3,1,2,0,5,6,-1,0.3333333333333333,1.6666666666666667,2.0,0,0,0,17,1.7058823529411764,0.47058823529411764,0.35294117647058826,group stage,Group stage,1,0,0,0,0
2006,WC-2006,Japan,AFC,0,3,0,2,1,2,7,-5,0.0,0.6666666666666666,2.3333333333333335,2,7,2,20,1.65,0.45,0.5,group stage,Group stage,1,0,0,0,0
2006,WC-2006,Mexico,CONCACAF,0,4,1,2,1,5,5,0,0.25,1.25,1.25,12,41,10,25,1.76,0.56,0.56,round of 16,Round of 16 / second group,2,0,0,0,1
2006,WC-2006,Netherlands,UEFA,0,4,2,1,1,3,2,1,0.5,0.75,0.5,7,32,14,10,2.1,0.6,0.8,round of 16,Round of 16 / second group,2,0,0,0,1
2006,WC-2006,Paraguay,CONMEBOL,0,3,1,2,0,2,2,0,0.3333333333333333,0.6666666666666666,0.6666666666666666,6,19,5,11,1.7272727272727273,0.45454545454545453,0.5454545454545454,group stage,Group stage,1,0,0,0,0
2006,WC-2006,Poland,UEFA,0,3,1,2,0,2,4,-2,0.3333333333333333,0.6666666666666666,1.3333333333333333,6,28,14,14,2.142857142857143,0.7142857142857143,0.8571428571428571,group stage,Group stage,1,0,0,0,0
2006,WC-2006,Portugal,UEFA,0,7,5,2,0,7,5,2,0.7142857142857143,1.0,0.7142857142857143,3,12,7,10,2.6,0.8,2.3,third-place match,Semi-finals/top four,4,0,0,1,1
2006,WC-2006,Saudi Arabia,AFC,0,3,0,2,1,2,7,-5,0.0,0.6666666666666666,2.3333333333333335,3,10,2,18,0.9444444444444444,0.2222222222222222,-0.5,group stage,Group stage,1,0,0,0,0
2006,WC-2006,Serbia and Montenegro,UEFA,0,3,0,3,0,2,10,-8,0.0,0.6666666666666666,3.3333333333333335,0,0,0,0,,,,group stage,Group stage,1,0,0,0,0
2006,WC-2006,South Korea,AFC,0,3,1,1,1,3,4,-1,0.3333333333333333,1.0,1.3333333333333333,6,21,4,20,1.65,0.45,0.45,group stage,Group stage,1,0,0,0,0
2006,WC-2006,Spain,UEFA,0,4,3,1,0,9,4,5,0.75,2.25,1.0,11,45,20,11,2.4545454545454546,0.7272727272727273,1.7272727272727273,round of 16,Round of 16 / second group,2,0,0,0,1
2006,WC-2006,Sweden,UEFA,0,4,1,1,2,3,4,-1,0.25,0.75,1.0,10,42,16,11,1.5454545454545454,0.36363636363636365,0.2727272727272727,round of 16,Round of 16 / second group,2,0,0,0,1
2006,WC-2006,Switzerland,UEFA,0,4,2,1,1,4,0,4,0.5,1.0,0.0,7,22,6,11,1.8181818181818181,0.45454545454545453,0.8181818181818182,round of 16,Round of 16 / second group,2,0,0,0,1
2006,WC-2006,Togo,CAF,0,3,0,3,0,1,6,-5,0.0,0.3333333333333333,2.0,0,0,0,13,1.2307692307692308,0.38461538461538464,-0.3076923076923077,group stage,Group stage,1,0,0,0,0
2006,WC-2006,Trinidad and Tobago,CONCACAF,0,3,0,2,1,0,4,-4,0.0,0.0,1.3333333333333333,0,0,0,15,1.2666666666666666,0.3333333333333333,-0.3333333333333333,group stage,Group stage,1,0,0,0,0
2006,WC-2006,Tunisia,CAF,0,3,0,2,1,3,6,-3,0.0,1.0,2.0,3,9,1,18,1.8888888888888888,0.5555555555555556,0.6111111111111112,group stage,Group stage,1,0,0,0,0
2006,WC-2006,Ukraine,UEFA,0,5,3,2,0,5,7,-2,0.6,1.0,1.4,0,0,0,11,1.8181818181818181,0.45454545454545453,1.0,quarter-finals,Quarter-finals,3,0,0,0,1
2006,WC-2006,United States,CONCACAF,0,3,0,2,1,2,6,-4,0.0,0.6666666666666666,2.0,7,22,6,22,2.0454545454545454,0.5909090909090909,0.9090909090909091,group stage,Group stage,1,0,0,0,0
2010,WC-2010,Algeria,CAF,0,3,0,2,1,0,2,-2,0.0,0.0,0.6666666666666666,2,6,2,15,1.6666666666666667,0.5333333333333333,-0.4,group stage,Group stage,1,0,0,0,0
2010,WC-2010,Argentina,CONMEBOL,0,5,4,1,0,10,6,4,0.8,2.0,1.2,14,65,36,13,2.076923076923077,0.6923076923076923,0.8461538461538461,quarter-finals,Quarter-finals,3,0,0,0,1
2010,WC-2010,Australia,AFC,0,3,1,1,1,3,6,-3,0.3333333333333333,1.0,2.0,2,7,1,11,2.090909090909091,0.6363636363636364,0.45454545454545453,group stage,Group stage,1,0,0,0,0
2010,WC-2010,Brazil,CONMEBOL,0,5,3,1,1,9,4,5,0.6,1.8,0.8,18,92,66,15,2.6666666666666665,0.8666666666666667,1.6666666666666667,quarter-finals,Quarter-finals,3,0,0,0,1
2010,WC-2010,Cameroon,CAF,0,3,0,3,0,2,5,-3,0.0,0.6666666666666666,1.6666666666666667,5,17,4,17,1.5294117647058822,0.4117647058823529,0.35294117647058826,group stage,Group stage,1,0,0,0,0
2010,WC-2010,Chile,CONMEBOL,0,4,2,2,0,3,5,-2,0.5,0.75,1.25,7,25,7,14,2.2857142857142856,0.7142857142857143,0.9285714285714286,round of 16,Round of 16 / second group,2,0,0,0,1
2010,WC-2010,Denmark,UEFA,0,3,1,2,0,3,6,-3,0.3333333333333333,1.0,2.0,3,13,7,11,1.0909090909090908,0.2727272727272727,0.0,group stage,Group stage,1,0,0,0,0
2010,WC-2010,England,UEFA,0,4,1,1,2,3,5,-2,0.25,0.75,1.25,12,55,25,9,2.111111111111111,0.6666666666666666,1.2222222222222223,round of 16,Round of 16 / second group,2,0,0,0,1
2010,WC-2010,France,UEFA,0,3,0,2,1,1,4,-3,0.0,0.3333333333333333,1.3333333333333333,12,51,27,11,1.7272727272727273,0.45454545454545453,0.6363636363636364,group stage,Group stage,1,0,0,0,0
2010,WC-2010,Germany,UEFA,0,7,5,2,0,16,5,11,0.7142857142857143,2.2857142857142856,0.7142857142857143,6,30,20,10,2.3,0.7,1.6,third-place match,Semi-finals/top four,4,0,0,1,1
2010,WC-2010,Ghana,CAF,0,5,2,2,1,5,4,1,0.4,1.0,0.8,1,4,2,17,1.411764705882353,0.4117647058823529,0.0,quarter-finals,Quarter-finals,3,0,0,0,1
2010,WC-2010,Greece,UEFA,0,3,1,2,0,2,5,-3,0.3333333333333333,0.6666666666666666,1.6666666666666667,1,3,0,10,1.2,0.3,-0.3,group stage,Group stage,1,0,0,0,0
2010,WC-2010,Honduras,CONCACAF,0,3,0,2,1,0,3,-3,0.0,0.0,1.0,1,3,0,19,1.5263157894736843,0.47368421052631576,0.3157894736842105,group stage,Group stage,1,0,0,0,0
2010,WC-2010,Italy,UEFA,0,3,0,1,2,4,5,-1,0.0,1.3333333333333333,1.6666666666666667,16,77,45,13,1.5384615384615385,0.38461538461538464,0.23076923076923078,group stage,Group stage,1,0,0,0,0
2010,WC-2010,Ivory Coast,CAF,0,3,1,1,1,4,3,1,0.3333333333333333,1.3333333333333333,1.0,1,3,1,15,1.9333333333333333,0.5333333333333333,0.9333333333333333,group stage,Group stage,1,0,0,0,0
2010,WC-2010,Japan,AFC,0,4,2,2,0,4,2,2,0.5,1.0,0.5,3,10,2,18,1.5,0.4444444444444444,0.5555555555555556,round of 16,Round of 16 / second group,2,0,0,0,1
2010,WC-2010,Mexico,CONCACAF,0,4,1,2,1,4,5,-1,0.25,1.0,1.25,13,45,11,26,2.1923076923076925,0.6538461538461539,1.4230769230769231,round of 16,Round of 16 / second group,2,0,0,0,1
2010,WC-2010,Netherlands,UEFA,0,7,6,1,0,12,6,6,0.8571428571428571,1.7142857142857142,0.8571428571428571,8,36,16,10,2.2,0.6,1.4,final,Final,5,0,1,1,1
2010,WC-2010,New Zealand,OFC,0,3,0,0,3,2,2,0,0.0,0.6666666666666666,0.6666666666666666,1,3,0,10,1.1,0.3,-0.8,group stage,Group stage,1,0,0,0,0
2010,WC-2010,Nigeria,CAF,0,3,0,2,1,3,5,-2,0.0,1.0,1.6666666666666667,3,11,4,14,1.8571428571428572,0.5,0.6428571428571429,group stage,Group stage,1,0,0,0,0
2010,WC-2010,North Korea,AFC,0,3,0,3,0,1,12,-11,0.0,0.3333333333333333,4.0,1,4,1,19,1.3157894736842106,0.3157894736842105,0.8947368421052632,group stage,Group stage,1,0,0,0,0
2010,WC-2010,Paraguay,CONMEBOL,0,5,2,1,2,3,2,1,0.4,0.6,0.4,7,22,6,13,1.3846153846153846,0.38461538461538464,-0.07692307692307693,quarter-finals,Quarter-finals,3,0,0,0,1
2010,WC-2010,Portugal,UEFA,0,4,1,1,2,7,1,6,0.25,1.75,0.25,4,19,12,11,2.6363636363636362,0.8181818181818182,1.8181818181818181,round of 16,Round of 16 / second group,2,0,0,0,1
2010,WC-2010,Serbia,UEFA,0,3,1,2,0,2,3,-1,0.3333333333333333,0.6666666666666666,1.0,0,0,0,11,2.090909090909091,0.6363636363636364,1.2727272727272727,group stage,Group stage,1,0,0,0,0
2010,WC-2010,Slovakia,UEFA,0,4,1,2,1,5,7,-2,0.25,1.25,1.75,0,0,0,10,1.5,0.4,0.3,round of 16,Round of 16 / second group,2,0,0,0,1
2010,WC-2010,Slovenia,UEFA,0,3,1,1,1,3,3,0,0.3333333333333333,1.0,1.0,1,3,0,9,2.3333333333333335,0.7777777777777778,1.8888888888888888,group stage,Group stage,1,0,0,0,0
2010,WC-2010,South Africa,CAF,1,3,1,1,1,3,5,-2,0.3333333333333333,1.0,1.6666666666666667,2,6,1,26,1.3461538461538463,0.34615384615384615,0.34615384615384615,group stage,Group stage,1,0,0,0,0
2010,WC-2010,South Korea,AFC,0,4,1,2,1,6,8,-2,0.25,1.5,2.0,7,24,5,17,1.8823529411764706,0.5882352941176471,0.7647058823529411,round of 16,Round of 16 / second group,2,0,0,0,1
2010,WC-2010,Spain,UEFA,0,7,6,1,0,8,2,6,0.8571428571428571,1.1428571428571428,0.2857142857142857,12,49,23,16,2.8125,0.9375,2.1875,final,Champion,6,1,1,1,1
2010,WC-2010,Switzerland,UEFA,0,3,1,1,1,1,1,0,0.3333333333333333,0.3333333333333333,0.3333333333333333,8,26,8,9,1.1111111111111112,0.2222222222222222,0.1111111111111111,group stage,Group stage,1,0,0,0,0
2010,WC-2010,United States,CONCACAF,0,4,1,1,2,5,5,0,0.25,1.25,1.25,8,25,6,24,1.5833333333333333,0.5,0.041666666666666664,round of 16,Round of 16 / second group,2,0,0,0,1
2010,WC-2010,Uruguay,CONMEBOL,0,7,4,2,1,11,8,3,0.5714285714285714,1.5714285714285714,1.1428571428571428,10,40,15,9,1.7777777777777777,0.5555555555555556,0.6666666666666666,third-place match,Semi-finals/top four,4,0,0,1,1
2014,WC-2014,Algeria,CAF,0,4,1,2,1,7,7,0,0.25,1.75,1.75,3,9,2,8,2.375,0.75,0.875,round of 16,Round of 16 / second group,2,0,0,0,1
2014,WC-2014,Argentina,CONMEBOL,0,7,6,1,0,8,4,4,0.8571428571428571,1.1428571428571428,0.5714285714285714,15,70,40,10,2.3,0.7,1.6,final,Final,5,0,1,1,1
2014,WC-2014,Australia,AFC,0,3,0,3,0,3,9,-6,0.0,1.0,3.0,3,10,2,11,1.0,0.2727272727272727,-1.0,group stage,Group stage,1,0,0,0,0
2014,WC-2014,Belgium,UEFA,0,5,4,1,0,6,3,3,0.8,1.2,0.6,11,36,11,10,1.8,0.5,0.7,quarter-finals,Quarter-finals,3,0,0,0,1
2014,WC-2014,Bosnia & Herzegovina,UEFA,0,3,1,2,0,4,4,0,0.3333333333333333,1.3333333333333333,1.3333333333333333,0,0,0,9,1.6666666666666667,0.5555555555555556,0.1111111111111111,group stage,Group stage,1,0,0,0,0
2014,WC-2014,Brazil,CONMEBOL,1,7,4,2,1,11,14,-3,0.5714285714285714,1.5714285714285714,2.0,19,97,69,15,2.8,0.9333333333333333,2.533333333333333,third-place match,Semi-finals/top four,4,0,0,1,1
2014,WC-2014,Cameroon,CAF,0,3,0,3,0,1,9,-8,0.0,0.3333333333333333,3.0,6,20,4,9,1.6666666666666667,0.4444444444444444,0.2222222222222222,group stage,Group stage,1,0,0,0,0
2014,WC-2014,Chile,CONMEBOL,0,4,2,2,0,6,4,2,0.5,1.5,1.0,8,29,9,9,1.8888888888888888,0.5555555555555556,1.5555555555555556,round of 16,Round of 16 / second group,2,0,0,0,1
2014,WC-2014,Colombia,CONMEBOL,0,5,4,1,0,12,4,8,0.8,2.4,0.8,4,13,3,10,1.9,0.5,0.6,quarter-finals,Quarter-finals,3,0,0,0,1
2014,WC-2014,Costa Rica,CONCACAF,0,5,3,1,1,5,2,3,0.6,1.0,0.4,3,10,3,15,1.3333333333333333,0.4,0.13333333333333333,quarter-finals,Quarter-finals,3,0,0,0,1
2014,WC-2014,Croatia,UEFA,0,3,1,2,0,6,6,0,0.3333333333333333,2.0,2.0,3,13,6,10,1.8,0.5,0.3,group stage,Group stage,1,0,0,0,0
2014,WC-2014,Ecuador,CONMEBOL,0,3,1,1,1,3,3,0,0.3333333333333333,1.0,1.0,2,7,3,11,1.0,0.18181818181818182,-0.36363636363636365,group stage,Group stage,1,0,0,0,0
2014,WC-2014,England,UEFA,0,3,0,2,1,2,4,-2,0.0,0.6666666666666666,1.3333333333333333,13,59,26,11,1.9090909090909092,0.5454545454545454,1.0,group stage,Group stage,1,0,0,0,0
2014,WC-2014,France,UEFA,0,5,3,1,1,10,3,7,0.6,2.0,0.6,13,54,27,11,2.1818181818181817,0.6363636363636364,2.3636363636363638,quarter-finals,Quarter-finals,3,0,0,0,1
2014,WC-2014,Germany,UEFA,0,7,6,0,1,18,4,14,0.8571428571428571,2.5714285714285716,0.5714285714285714,7,37,25,11,2.272727272727273,0.6363636363636364,1.6363636363636365,final,Champion,6,1,1,1,1
2014,WC-2014,Ghana,CAF,0,3,0,2,1,4,6,-2,0.0,1.3333333333333333,2.0,2,9,4,13,1.5384615384615385,0.46153846153846156,0.6153846153846154,group stage,Group stage,1,0,0,0,0
2014,WC-2014,Greece,UEFA,0,4,1,2,1,3,5,-2,0.25,0.75,1.25,2,6,1,11,2.1818181818181817,0.6363636363636364,0.7272727272727273,round of 16,Round of 16 / second group,2,0,0,0,1
2014,WC-2014,Honduras,CONCACAF,0,3,0,3,0,1,8,-7,0.0,0.3333333333333333,2.6666666666666665,2,6,0,14,1.3571428571428572,0.35714285714285715,-0.42857142857142855,group stage,Group stage,1,0,0,0,0
2014,WC-2014,Iran,AFC,0,3,0,2,1,1,4,-3,0.0,0.3333333333333333,1.3333333333333333,3,9,1,10,2.1,0.6,1.0,group stage,Group stage,1,0,0,0,0
2014,WC-2014,Italy,UEFA,0,3,1,2,0,2,3,-1,0.3333333333333333,0.6666666666666666,1.0,17,80,45,15,1.3333333333333333,0.26666666666666666,0.0,group stage,Group stage,1,0,0,0,0
2014,WC-2014,Ivory Coast,CAF,0,3,1,2,0,4,5,-1,0.3333333333333333,1.3333333333333333,1.6666666666666667,2,6,2,10,1.3,0.3,0.0,group stage,Group stage,1,0,0,0,0
2014,WC-2014,Japan,AFC,0,3,0,2,1,2,6,-4,0.0,0.6666666666666666,2.0,4,14,4,17,1.7058823529411764,0.5294117647058824,0.23529411764705882,group stage,Group stage,1,0,0,0,0
2014,WC-2014,Mexico,CONCACAF,0,4,2,1,1,5,3,2,0.5,1.25,0.75,14,49,12,19,1.5789473684210527,0.5263157894736842,0.5789473684210527,round of 16,Round of 16 / second group,2,0,0,0,1
2014,WC-2014,Netherlands,UEFA,0,7,6,1,0,15,4,11,0.8571428571428571,2.142857142857143,0.5714285714285714,9,43,22,11,1.8181818181818181,0.45454545454545453,1.0909090909090908,third-place match,Semi-finals/top four,4,0,0,1,1
2014,WC-2014,Nigeria,CAF,0,4,1,2,1,3,5,-2,0.25,0.75,1.25,4,14,4,15,1.6666666666666667,0.4666666666666667,0.6666666666666666,round of 16,Round of 16 / second group,2,0,0,0,1
2014,WC-2014,Portugal,UEFA,0,3,1,1,1,4,7,-3,0.3333333333333333,1.3333333333333333,2.3333333333333335,5,23,13,11,2.1818181818181817,0.6363636363636364,1.2727272727272727,group stage,Group stage,1,0,0,0,0
2014,WC-2014,Russia,UEFA,0,3,0,1,2,2,3,-1,0.0,0.6666666666666666,1.0,2,6,2,11,2.1818181818181817,0.6363636363636364,1.2727272727272727,group stage,Group stage,1,0,0,0,0
2014,WC-2014,South Korea,AFC,0,3,0,2,1,3,6,-3,0.0,1.0,2.0,8,28,6,17,1.0588235294117647,0.29411764705882354,-0.47058823529411764,group stage,Group stage,1,0,0,0,0
2014,WC-2014,Spain,UEFA,0,3,1,2,0,4,7,-3,0.3333333333333333,1.3333333333333333,2.3333333333333335,13,56,29,15,2.3333333333333335,0.7333333333333333,1.5333333333333334,group stage,Group stage,1,0,0,0,0
2014,WC-2014,Switzerland,UEFA,0,4,2,2,0,7,7,0,0.5,1.75,1.75,9,29,9,9,2.2222222222222223,0.6666666666666666,0.7777777777777778,round of 16,Round of 16 / second group,2,0,0,0,1
2014,WC-2014,United States,CONCACAF,0,4,1,2,1,5,6,-1,0.25,1.25,1.5,9,29,7,18,2.388888888888889,0.7777777777777778,1.2222222222222223,round of 16,Round of 16 / second group,2,0,0,0,1
2014,WC-2014,Uruguay,CONMEBOL,0,4,2,2,0,4,6,-2,0.5,1.0,1.5,11,47,19,15,2.0,0.6,1.3333333333333333,round of 16,Round of 16 / second group,2,0,0,0,1
2018,WC-2018,Argentina,CONMEBOL,0,4,1,2,1,6,9,-3,0.25,1.5,2.25,16,77,46,9,1.6666666666666667,0.4444444444444444,0.2222222222222222,round of 16,Round of 16 / second group,2,0,0,0,1
2018,WC-2018,Australia,AFC,0,3,0,2,1,2,5,-3,0.0,0.6666666666666666,1.6666666666666667,4,13,2,13,1.5384615384615385,0.38461538461538464,0.23076923076923078,group stage,Group stage,1,0,0,0,0
2018,WC-2018,Belgium,UEFA,0,7,6,1,0,16,6,10,0.8571428571428571,2.2857142857142856,0.8571428571428571,12,41,15,10,2.6,0.8,2.6,third-place match,Semi-finals/top four,4,0,0,1,1
2018,WC-2018,Brazil,CONMEBOL,0,5,3,1,1,8,3,5,0.6,1.6,0.6,20,104,73,10,2.4,0.7,1.6,quarter-finals,Quarter-finals,3,0,0,0,1
2018,WC-2018,Colombia,CONMEBOL,0,4,2,2,0,6,3,3,0.5,1.5,0.75,5,18,7,9,1.2222222222222223,0.2222222222222222,0.3333333333333333,round of 16,Round of 16 / second group,2,0,0,0,1
2018,WC-2018,Costa Rica,CONCACAF,0,3,0,2,1,2,5,-3,0.0,0.6666666666666666,1.6666666666666667,4,15,6,16,1.3125,0.375,-0.25,group stage,Group stage,1,0,0,0,0
2018,WC-2018,Croatia,UEFA,0,7,6,1,0,14,9,5,0.8571428571428571,2.0,1.2857142857142858,4,16,7,10,1.7,0.5,0.3,final,Final,5,0,1,1,1
2018,WC-2018,Denmark,UEFA,0,4,1,1,2,3,2,1,0.25,0.75,0.5,4,16,8,11,2.0,0.5454545454545454,1.2727272727272727,round of 16,Round of 16 / second group,2,0,0,0,1
2018,WC-2018,Egypt,CAF,0,3,0,3,0,2,6,-4,0.0,0.6666666666666666,2.0,2,4,0,9,1.0,0.2222222222222222,-0.4444444444444444,group stage,Group stage,1,0,0,0,0
2018,WC-2018,England,UEFA,0,7,4,3,0,12,8,4,0.5714285714285714,1.7142857142857142,1.1428571428571428,14,62,26,10,2.4,0.7,1.1,third-place match,Semi-finals/top four,4,0,0,1,1
2018,WC-2018,France,UEFA,0,7,6,0,1,14,6,8,0.8571428571428571,2.0,0.8571428571428571,14,59,30,11,2.1818181818181817,0.6363636363636364,1.1818181818181819,final,Champion,6,1,1,1,1
2018,WC-2018,Germany,UEFA,0,3,1,2,0,2,4,-2,0.3333333333333333,0.6666666666666666,1.3333333333333333,8,44,31,15,2.066666666666667,0.6,1.2666666666666666,group stage,Group stage,1,0,0,0,0
2018,WC-2018,Iceland,UEFA,0,3,0,2,1,2,5,-3,0.0,0.6666666666666666,1.6666666666666667,0,0,0,12,1.4166666666666667,0.4166666666666667,0.6666666666666666,group stage,Group stage,1,0,0,0,0
2018,WC-2018,Iran,AFC,0,3,1,1,1,2,2,0,0.3333333333333333,0.6666666666666666,0.6666666666666666,4,12,1,12,2.0,0.5833333333333334,0.75,group stage,Group stage,1,0,0,0,0
2018,WC-2018,Japan,AFC,0,4,1,2,1,6,7,-1,0.25,1.5,1.75,5,17,4,14,1.2142857142857142,0.35714285714285715,-0.35714285714285715,round of 16,Round of 16 / second group,2,0,0,0,1
2018,WC-2018,Mexico,CONCACAF,0,4,2,2,0,3,6,-3,0.5,0.75,1.5,15,53,14,23,1.7826086956521738,0.5217391304347826,0.34782608695652173,round of 16,Round of 16 / second group,2,0,0,0,1
2018,WC-2018,Morocco,CAF,0,3,0,2,1,2,4,-2,0.0,0.6666666666666666,1.3333333333333333,4,13,2,10,2.6,0.8,1.9,group stage,Group stage,1,0,0,0,0
2018,WC-2018,Nigeria,CAF,0,3,1,2,0,3,4,-1,0.3333333333333333,1.0,1.3333333333333333,5,18,5,10,1.4,0.4,0.1,group stage,Group stage,1,0,0,0,0
2018,WC-2018,Panama,CONCACAF,0,3,0,3,0,2,11,-9,0.0,0.6666666666666666,3.6666666666666665,0,0,0,16,1.3125,0.375,-0.0625,group stage,Group stage,1,0,0,0,0
2018,WC-2018,Peru,CONMEBOL,0,3,1,2,0,2,2,0,0.3333333333333333,0.6666666666666666,0.6666666666666666,4,15,4,11,2.272727272727273,0.6363636363636364,1.1818181818181819,group stage,Group stage,1,0,0,0,0
2018,WC-2018,Poland,UEFA,0,3,1,2,0,2,5,-3,0.3333333333333333,0.6666666666666666,1.6666666666666667,7,31,15,10,1.7,0.5,0.9,group stage,Group stage,1,0,0,0,0
2018,WC-2018,Portugal,UEFA,0,4,1,1,2,6,6,0,0.25,1.5,1.5,6,26,14,16,2.1875,0.625,1.1875,round of 16,Round of 16 / second group,2,0,0,0,1
2018,WC-2018,Russia,UEFA,1,5,3,2,0,11,7,4,0.6,2.2,1.4,3,9,2,11,0.8181818181818182,0.18181818181818182,-0.45454545454545453,quarter-finals,Quarter-finals,3,0,0,0,1
2018,WC-2018,Saudi Arabia,AFC,0,3,1,2,0,2,7,-5,0.3333333333333333,0.6666666666666666,2.3333333333333335,4,13,2,18,1.1111111111111112,0.3333333333333333,-0.5555555555555556,group stage,Group stage,1,0,0,0,0
2018,WC-2018,Senegal,CAF,0,3,1,1,1,4,4,0,0.3333333333333333,1.3333333333333333,1.3333333333333333,1,5,2,10,1.7,0.4,0.6,group stage,Group stage,1,0,0,0,0
2018,WC-2018,Serbia,UEFA,0,3,1,2,0,2,4,-2,0.3333333333333333,0.6666666666666666,1.3333333333333333,1,3,1,10,1.9,0.6,1.0,group stage,Group stage,1,0,0,0,0
2018,WC-2018,South Korea,AFC,0,3,1,2,0,3,3,0,0.3333333333333333,1.0,1.0,9,31,6,18,1.3333333333333333,0.3333333333333333,-0.05555555555555555,group stage,Group stage,1,0,0,0,0
2018,WC-2018,Spain,UEFA,0,4,1,1,2,7,6,1,0.25,1.75,1.5,14,59,30,10,2.4,0.7,2.6,round of 16,Round of 16 / second group,2,0,0,0,1
2018,WC-2018,Sweden,UEFA,0,5,3,2,0,6,4,2,0.6,1.2,0.8,11,46,17,12,1.3333333333333333,0.3333333333333333,0.75,quarter-finals,Quarter-finals,3,0,0,0,1
2018,WC-2018,Switzerland,UEFA,0,4,1,1,2,5,5,0,0.25,1.25,1.25,10,33,11,10,2.3,0.7,1.7,round of 16,Round of 16 / second group,2,0,0,0,1
2018,WC-2018,Tunisia,CAF,0,3,1,2,0,5,8,-3,0.3333333333333333,1.6666666666666667,2.6666666666666665,4,12,1,9,1.7777777777777777,0.4444444444444444,0.5555555555555556,group stage,Group stage,1,0,0,0,0
2018,WC-2018,Uruguay,CONMEBOL,0,5,4,1,0,7,3,4,0.8,1.4,0.6,12,51,21,9,2.0,0.5555555555555556,0.8888888888888888,quarter-finals,Quarter-finals,3,0,0,0,1
2022,WC-2022,Argentina,CONMEBOL,0,7,6,1,0,15,8,7,0.8571428571428571,2.142857142857143,1.1428571428571428,17,81,47,9,2.7777777777777777,0.8888888888888888,2.6666666666666665,final,Champion,6,1,1,1,1
2022,WC-2022,Australia,AFC,0,4,2,2,0,4,6,-2,0.5,1.0,1.5,5,16,2,9,1.8888888888888888,0.5555555555555556,0.6666666666666666,round of 16,Round of 16 / second group,2,0,0,0,1
2022,WC-2022,Belgium,UEFA,0,3,1,1,1,1,2,-1,0.3333333333333333,0.3333333333333333,0.6666666666666666,13,48,21,9,1.5555555555555556,0.4444444444444444,0.5555555555555556,group stage,Group stage,1,0,0,0,0
2022,WC-2022,Brazil,CONMEBOL,0,5,3,2,0,8,3,5,0.6,1.6,0.6,21,109,76,8,2.75,0.875,3.0,quarter-finals,Quarter-finals,3,0,0,0,1
2022,WC-2022,Cameroon,CAF,0,3,1,1,1,4,4,0,0.3333333333333333,1.3333333333333333,1.3333333333333333,7,23,4,14,1.6428571428571428,0.42857142857142855,0.35714285714285715,group stage,Group stage,1,0,0,0,0
2022,WC-2022,Canada,CONCACAF,0,3,0,3,0,2,7,-5,0.0,0.6666666666666666,2.3333333333333335,1,3,0,12,1.8333333333333333,0.5833333333333334,1.0,group stage,Group stage,1,0,0,0,0
2022,WC-2022,Costa Rica,CONCACAF,0,3,1,2,0,3,11,-8,0.3333333333333333,1.0,3.6666666666666665,5,18,6,12,2.4166666666666665,0.75,0.8333333333333334,group stage,Group stage,1,0,0,0,0
2022,WC-2022,Croatia,UEFA,0,7,4,1,2,8,7,1,0.5714285714285714,1.1428571428571428,1.0,5,23,13,9,2.2222222222222223,0.6666666666666666,0.4444444444444444,third-place match,Semi-finals/top four,4,0,0,1,1
2022,WC-2022,Denmark,UEFA,0,3,0,2,1,1,3,-2,0.0,0.3333333333333333,1.0,5,20,9,8,1.875,0.625,0.625,group stage,Group stage,1,0,0,0,0
2022,WC-2022,Ecuador,CONMEBOL,0,3,1,1,1,4,3,1,0.3333333333333333,1.3333333333333333,1.0,3,10,4,11,1.2727272727272727,0.18181818181818182,0.0,group stage,Group stage,1,0,0,0,0
2022,WC-2022,England,UEFA,0,5,3,1,1,13,4,9,0.6,2.6,0.8,15,69,30,8,1.125,0.25,-0.25,quarter-finals,Quarter-finals,3,0,0,0,1
2022,WC-2022,France,UEFA,0,7,5,2,0,16,8,8,0.7142857142857143,2.2857142857142856,1.1428571428571428,15,66,36,8,1.375,0.375,0.5,final,Final,5,0,1,1,1
2022,WC-2022,Germany,UEFA,0,3,1,1,1,6,5,1,0.3333333333333333,2.0,1.6666666666666667,9,47,32,9,1.5555555555555556,0.3333333333333333,0.5555555555555556,group stage,Group stage,1,0,0,0,0
2022,WC-2022,Ghana,CAF,0,3,1,2,0,5,7,-2,0.3333333333333333,1.6666666666666667,2.3333333333333335,3,12,4,13,1.0769230769230769,0.23076923076923078,-0.38461538461538464,group stage,Group stage,1,0,0,0,0
2022,WC-2022,Iran,AFC,0,3,1,2,0,4,7,-3,0.3333333333333333,1.3333333333333333,2.3333333333333335,5,15,2,9,1.7777777777777777,0.5555555555555556,0.1111111111111111,group stage,Group stage,1,0,0,0,0
2022,WC-2022,Japan,AFC,0,4,2,2,0,5,4,1,0.5,1.25,1.0,6,21,5,14,1.9285714285714286,0.5714285714285714,1.2857142857142858,round of 16,Round of 16 / second group,2,0,0,0,1
2022,WC-2022,Mexico,CONCACAF,0,3,1,1,1,2,3,-1,0.3333333333333333,0.6666666666666666,1.0,16,57,16,18,1.6666666666666667,0.4444444444444444,0.4444444444444444,group stage,Group stage,1,0,0,0,0
2022,WC-2022,Morocco,CAF,0,7,4,2,1,6,5,1,0.5714285714285714,0.8571428571428571,0.7142857142857143,5,16,2,17,2.176470588235294,0.6470588235294118,1.1764705882352942,third-place match,Semi-finals/top four,4,0,0,1,1
2022,WC-2022,Netherlands,UEFA,0,5,3,1,1,10,4,6,0.6,2.0,0.8,10,50,28,8,2.5,0.75,1.25,quarter-finals,Quarter-finals,3,0,0,0,1
2022,WC-2022,Poland,UEFA,0,4,1,2,1,3,5,-2,0.25,0.75,1.25,8,34,16,9,1.5555555555555556,0.4444444444444444,-0.3333333333333333,round of 16,Round of 16 / second group,2,0,0,0,1
2022,WC-2022,Portugal,UEFA,0,5,3,2,0,12,6,6,0.6,2.4,1.2,7,30,15,9,2.111111111111111,0.6666666666666666,1.7777777777777777,quarter-finals,Quarter-finals,3,0,0,0,1
2022,WC-2022,Qatar,AFC,1,3,0,3,0,1,7,-6,0.0,0.3333333333333333,2.3333333333333335,0,0,0,14,2.142857142857143,0.6428571428571429,0.9285714285714286,group stage,Group stage,1,0,0,0,0
2022,WC-2022,Saudi Arabia,AFC,0,3,1,2,0,3,5,-2,0.3333333333333333,1.0,1.6666666666666667,5,16,3,17,1.1176470588235294,0.23529411764705882,-0.17647058823529413,group stage,Group stage,1,0,0,0,0
2022,WC-2022,Senegal,CAF,0,4,2,2,0,5,7,-2,0.5,1.25,1.75,2,8,3,16,1.875,0.5,0.6875,round of 16,Round of 16 / second group,2,0,0,0,1
2022,WC-2022,Serbia,UEFA,0,3,0,2,1,5,8,-3,0.0,1.6666666666666667,2.6666666666666665,2,6,2,9,2.111111111111111,0.6666666666666666,1.1111111111111112,group stage,Group stage,1,0,0,0,0
2022,WC-2022,South Korea,AFC,0,4,1,2,1,5,8,-3,0.25,1.25,2.0,10,34,7,16,2.1875,0.6875,1.125,round of 16,Round of 16 / second group,2,0,0,0,1
2022,WC-2022,Spain,UEFA,0,4,1,2,1,9,3,6,0.25,2.25,0.75,15,63,31,9,2.2222222222222223,0.6666666666666666,1.2222222222222223,round of 16,Round of 16 / second group,2,0,0,0,1
2022,WC-2022,Switzerland,UEFA,0,4,2,2,0,5,9,-4,0.5,1.25,2.25,11,37,12,9,1.1111111111111112,0.3333333333333333,-0.6666666666666666,round of 16,Round of 16 / second group,2,0,0,0,1
2022,WC-2022,Tunisia,CAF,0,3,1,1,1,1,1,0,0.3333333333333333,0.3333333333333333,0.3333333333333333,5,15,2,20,1.9,0.6,0.7,group stage,Group stage,1,0,0,0,0
2022,WC-2022,United States,CONCACAF,0,4,1,1,2,3,4,-1,0.25,0.75,1.0,10,33,8,13,1.6923076923076923,0.46153846153846156,0.8461538461538461,round of 16,Round of 16 / second group,2,0,0,0,1
2022,WC-2022,Uruguay,CONMEBOL,0,3,1,1,1,2,2,0,0.3333333333333333,0.6666666666666666,0.6666666666666666,13,56,25,9,2.4444444444444446,0.7777777777777778,1.7777777777777777,group stage,Group stage,1,0,0,0,0
2022,WC-2022,Wales,UEFA,0,3,0,2,1,1,6,-5,0.0,0.3333333333333333,2.0,1,5,1,9,0.8888888888888888,0.2222222222222222,-0.3333333333333333,group stage,Group stage,1,0,0,0,0
